1,10265293,BILLY,Bookcases & shelving units,30.0,No old price,True,https://www.ikea.com/sa/en/p/billy-extra-shelf-white-10265293/,Yes,"        Extra shelf,          36x26 cm",IKEA of Sweden,26.0,0.0,36.0
2,60246080,JANINGE,Chairs,180.0,SR 225,True,https://www.ikea.com/sa/en/p/janinge-chair-yellow-60246080/,No,        Chair,John/Jonas/Petrus/Paul/Caroline,46.0,76.0,50.0
3,50282177,LACK,Bookcases & shelving units,19.0,No old price,True,https://www.ikea.com/sa/en/p/lack-wall-shelf-white-50282177/,Yes,"        Wall shelf,          30x26 cm",IKEA of Sweden,26.0,5.0,0.0
4,80035920,FÖRHÖJA,Trolleys,645.0,No old price,True,https://www.ikea.com/sa/en/p/foerhoeja-kitchen-trolley-birch-80035920/,No,"        Kitchen trolley,          100x43 cm",Nike Karlsson,0.0,90.0,43.0
5,89283005,BROR,Bookcases & shelving units,670.0,No old price,True,https://www.ikea.com/sa/en/p/bror-shelving-unit-with-cabinets-black-s89283005/,No,"        Shelving unit with cabinets,          85x40x110 cm",IKEA of Sweden,40.0,110.0,85.0
6,29297294,MELLTORP / NILSOVE,Tables & desks,889.0,SR 915,True,https://www.ikea.com/sa/en/p/melltorp-nilsove-table-and-2-chairs-white-rattan-white-s29297294/,No,"        Table and 2 chairs,          75x75 cm",Lisa Norinder/A Fredriksson/J Hultqvist/W Chong,0.0,0.0,75.0
7,40266682,BOSNÄS,Sofas & armchairs,95.0,No old price,True,https://www.ikea.com/sa/en/p/bosnaes-footstool-with-storage-ransta-black-40266682/,Yes,        Footstool with storage,IKEA of Sweden,0.0,36.0,36.0
8,60293566,STUBBARP,Cabinets & cupboards,35.0,No old price,True,https://www.ikea.com/sa/en/p/stubbarp-leg-black-brown-60293566/,Yes,        Leg,IKEA of Sweden,44.0,100.0,44.0
9,79299016,BUSKBO,Chairs,675.0,No old price,True,https://www.ikea.com/sa/en/p/buskbo-armchair-rattan-djupvik-white-s79299016/,No,        Armchair,IKEA of Sweden/A Fredriksson/J Hultqvist/W Chong,63.0,42.0,72.0
10,80362974,SLÄKT,Tables & desks,295.0,No old price,True,https://www.ikea.com/sa/en/p/slaekt-storage-box-with-castors-80362974/,No,"        Storage box with castors,          62x62x35 cm",Ebba Strandmark,53.0,35.0,62.0
11,19306185,JONAXEL,Chests of drawers & drawer units,160.0,No old price,True,https://www.ikea.com/sa/en/p/jonaxel-frame-with-mesh-baskets-castors-s19306185/,No,"        Frame with mesh baskets/castors,          25x51x73 cm",IKEA of Sweden,51.0,73.0,25.0
12,20045205,SNIGLAR,Tables & desks,145.0,No old price,True,https://www.ikea.com/sa/en/p/sniglar-changing-table-beech-white-20045205/,No,"        Changing table,          72x53 cm",IKEA of Sweden,0.0,87.0,53.0
13,19385677,PAX,Wardrobes,2505.0,No old price,True,https://www.ikea.com/sa/en/p/pax-wardrobe-combination-white-s19385677/,Yes,"        Wardrobe combination,          150x58x236 cm",Ehlén Johansson/Ola Wihlborg/IKEA of Sweden,58.0,236.0,150.0
14,10135659,MARIUS,Chairs,25.0,No old price,True,https://www.ikea.com/sa/en/p/marius-stool-black-10135659/,No,        Stool,Ola Wihlborg,0.0,0.0,40.0
15,40391718,FRÖSÖN,Outdoor furniture,65.0,No old price,True,https://www.ikea.com/sa/en/p/froesoen-cover-for-seat-cushion-outdoor-dark-grey-40391718/,Yes,"        Cover for seat cushion,          62x62 cm",Eva Lilja Löwenhielm,62.0,0.0,62.0
16,80336466,KROKHOLMEN,Outdoor furniture,175.0,No old price,True,https://www.ikea.com/sa/en/p/krokholmen-coffee-table-outdoor-beige-80336466/,No,"        Coffee table, outdoor",Marcus Arvonen,0.0,44.0,0.0
17,80308699,TROFAST,Nursery furniture,55.0,No old price,True,https://www.ikea.com/sa/en/p/trofast-shelf-light-white-stained-pine-pine-80308699/,No,"        Shelf,          30 cm",Studio Copenhagen,0.0,0.0,30.0
18,80336433,GUBBARP,TV & media furniture,3.0,No old price,True,https://www.ikea.com/sa/en/p/gubbarp-knob-white-80336433/,Yes,"        Knob,          21 mm",H Preutz/A Fredriksson,27.0,0.0,0.0
19,59829111,POÄNG,Sofas & armchairs,375.0,No old price,True,https://www.ikea.com/sa/en/p/poaeng-footstool-birch-veneer-robust-glose-dark-brown-s59829111/,Yes,        Footstool,Noboru Nakamura,54.0,39.0,68.0
20,89305173,NORDVIKEN / NORRARYD,Tables & desks,2535.0,"SR 2,795",True,https://www.ikea.com/sa/en/p/nordviken-norraryd-table-and-4-chairs-white-black-s89305173/,No,"        Table and 4 chairs,          152/223x95 cm",Nike Karlsson/Francis Cayouette,0.0,0.0,95.0
21,50165079,BLÅMES,Chairs,375.0,No old price,True,https://www.ikea.com/sa/en/p/blames-highchair-with-tray-black-50165079/,No,        Highchair with tray,Tina Christensen,53.0,93.0,52.0
22,385314,SANDARED,Sofas & armchairs,245.0,No old price,True,https://www.ikea.com/sa/en/p/sandared-pouffe-beige-00385314/,No,"        Pouffe,          45 cm",Synnöve Mork,0.0,33.0,0.0
23,99014376,MELLTORP / ADDE,Tables & desks,359.0,No old price,True,https://www.ikea.com/sa/en/p/melltorp-adde-table-and-4-chairs-white-s99014376/,No,"        Table and 4 chairs,          125 cm",Marcus Arvonen/Lisa Norinder,0.0,72.0,75.0
24,79129986,GJÖRA,Beds,1640.0,No old price,True,https://www.ikea.com/sa/en/p/gjoera-bed-frame-birch-leirsund-s79129986/,Yes,"        Bed frame,          140x200 cm",Monika Mulder/IKEA of Sweden,0.0,0.0,154.0
25,50411990,GLADOM,Tables & desks,59.0,No old price,True,https://www.ikea.com/sa/en/p/gladom-tray-table-black-50411990/,Yes,"        Tray table,          45x53 cm",Chenyi Ke,0.0,53.0,0.0
26,30135658,GLENN,Bar furniture,445.0,No old price,True,https://www.ikea.com/sa/en/p/glenn-bar-stool-white-chrome-plated-30135658/,Yes,"        Bar stool,          77 cm",Marcus Arvonen,52.0,100.0,50.0
27,9017826,BILLY,Bookcases & shelving units,345.0,No old price,True,https://www.ikea.com/sa/en/p/billy-bookcase-white-s09017826/,Yes,"        Bookcase,          240x28x106 cm",Gillis Lundgren,28.0,106.0,240.0
28,70370352,MOSSARYD,Cabinets & cupboards,29.0,No old price,True,https://www.ikea.com/sa/en/p/mossaryd-drop-handle-stainless-steel-colour-70370352/,No,"        Drop handle,          49 mm",Francis Cayouette,18.0,0.0,0.0
29,50419972,JONAXEL,Bookcases & shelving units,175.0,No old price,True,https://www.ikea.com/sa/en/p/jonaxel-shelving-unit-white-50419972/,No,"        Shelving unit,          80x38x160 cm",IKEA of Sweden,38.0,160.0,80.0
30,89227873,PAX,Wardrobes,1499.0,No old price,True,https://www.ikea.com/sa/en/p/pax-wardrobe-white-s89227873/,Yes,"        Wardrobe,          150x58x201 cm",Ehlén Johansson/IKEA of Sweden,58.0,201.0,150.0
31,70367444,SONGESAND,Tables & desks,155.0,No old price,True,https://www.ikea.com/sa/en/p/songesand-bedside-table-brown-70367444/,No,"        Bedside table,          42x40 cm",IKEA of Sweden,40.0,55.0,42.0
32,79286896,BEKANT,Cabinets & cupboards,1200.0,No old price,True,https://www.ikea.com/sa/en/p/bekant-storage-unit-with-smart-lock-mesh-black-s79286896/,Yes,"        Storage unit with smart lock,          41x101 cm",IKEA of Sweden/Eva Lilja Löwenhielm,45.0,101.0,41.0
33,340759,EKEDALEN,Tables & desks,995.0,No old price,True,https://www.ikea.com/sa/en/p/ekedalen-bar-table-white-00340759/,No,"        Bar table,          120x80 cm",Ehlén Johansson,0.0,105.0,80.0
34,30446373,SLATTUM,Beds,595.0,No old price,True,https://www.ikea.com/sa/en/p/slattum-upholstered-bed-frame-knisa-light-grey-30446373/,Yes,"        Upholstered bed frame,          140x200 cm",David Wahl,0.0,0.0,144.0
35,79288032,MÖRBYLÅNGA / TOSSBERG,Tables & desks,5465.0,No old price,True,https://www.ikea.com/sa/en/p/moerbylanga-tossberg-table-and-6-armchairs-oak-veneer-brown-stained-metal-grey-s79288032/,No,"        Table and 6 armchairs,          220x100 cm",S Lanneskog/J Marnell/IKEA of Sweden,0.0,0.0,100.0
36,79248319,IVAR,Bookcases & shelving units,440.0,No old price,True,https://www.ikea.com/sa/en/p/ivar-2-sections-shelves-pine-s79248319/,No,"        2 sections/shelves,          134x30x179 cm",IKEA of Sweden,30.0,179.0,134.0
37,20305707,BUSUNGE,Wardrobes,645.0,No old price,True,https://www.ikea.com/sa/en/p/busunge-wardrobe-white-20305707/,No,"        Wardrobe,          80x139 cm",Carl Öjerstam,52.0,139.0,80.0
38,60248418,FÖRSIKTIG,Children's furniture,15.0,No old price,True,https://www.ikea.com/sa/en/p/foersiktig-childrens-stool-white-green-60248418/,No,        Children's stool,K Hagberg/M Hagberg,24.0,13.0,37.0
39,428974,NORRÅKER,Chairs,145.0,No old price,True,https://www.ikea.com/sa/en/p/norraker-stool-birch-00428974/,No,"        Stool,          45 cm",J Karlsson/N Karlsson,29.0,45.0,45.0
40,9265920,HAVSTA,Cabinets & cupboards,2980.0,No old price,True,https://www.ikea.com/sa/en/p/havsta-storage-combination-w-glass-doors-dark-brown-s09265920/,Yes,"        Storage combination w glass doors,          203x47x212 cm",IKEA of Sweden,47.0,212.0,203.0
41,80214549,MALM,Chests of drawers & drawer units,165.0,No old price,True,https://www.ikea.com/sa/en/p/malm-chest-of-2-drawers-white-80214549/,Yes,"        Chest of 2 drawers,          40x55 cm",IKEA of Sweden,48.0,55.0,40.0
42,397736,NORRARYD,Café furniture,395.0,No old price,True,https://www.ikea.com/sa/en/p/norraryd-bar-stool-with-backrest-black-00397736/,No,"        Bar stool with backrest,          74 cm",Nike Karlsson,47.0,103.0,46.0
43,9294526,VITTSJÖ,Bookcases & shelving units,490.0,No old price,True,https://www.ikea.com/sa/en/p/vittsjoe-storage-combination-black-brown-glass-s09294526/,No,"        Storage combination,          200x36x93 cm",Johan Kroon,36.0,93.0,200.0
44,99266053,HAVSTA,Cabinets & cupboards,1900.0,No old price,True,https://www.ikea.com/sa/en/p/havsta-storage-combination-w-glass-doors-dark-brown-s99266053/,Yes,"        Storage combination w glass-doors,          162x37x134 cm",IKEA of Sweden,37.0,134.0,162.0
45,49277247,PLATSA,Chests of drawers & drawer units,456.0,SR 570,True,https://www.ikea.com/sa/en/p/platsa-chest-of-3-drawers-white-fonnes-white-s49277247/,No,"        Chest of 3 drawers,          60x57x73 cm",Ola Wihlborg/IKEA of Sweden,57.0,73.0,60.0
46,9248006,NORDLI,Chests of drawers & drawer units,1080.0,"SR 1,350",True,https://www.ikea.com/sa/en/p/nordli-chest-of-7-drawers-white-s09248006/,Yes,"        Chest of 7 drawers,          80x99 cm",Ola Wihlborg,47.0,99.0,80.0
47,40076093,ANTILOP,Nursery furniture,25.0,No old price,True,https://www.ikea.com/sa/en/p/antilop-highchair-tray-white-40076093/,No,        Highchair tray,IKEA of Sweden,0.0,0.0,42.0
48,69161482,IKEA PS 2012 / JANINGE,Chairs,1795.0,No old price,True,https://www.ikea.com/sa/en/p/ikea-ps-2012-janinge-table-and-4-chairs-bamboo-white-s69161482/,No,"        Table and 4 chairs,          138 cm",Jon Karlsson/John/Jonas/Petrus/Paul/Caroline,0.0,74.0,80.0
49,69305174,NORDVIKEN / NORRARYD,Chairs,2535.0,"SR 2,795",True,https://www.ikea.com/sa/en/p/nordviken-norraryd-table-and-4-chairs-white-black-s69305174/,No,"        Table and 4 chairs,          152/223x95 cm",Francis Cayouette/Nike Karlsson,0.0,0.0,95.0
50,39218512,PAX,Wardrobes,1410.0,No old price,True,https://www.ikea.com/sa/en/p/pax-corner-wardrobe-white-grimo-white-s39218512/,No,"        Corner wardrobe,          111/111x236 cm",IKEA of Sweden/Ehlén Johansson/Ola Wihlborg,0.0,236.0,110.0
51,70418170,PRÄSTHOLM,Outdoor furniture,695.0,No old price,True,https://www.ikea.com/sa/en/p/praestholm-bench-with-backrest-outdoor-grey-70418170/,No,"        Bench with backrest, outdoor",Ola Wihlborg,52.0,79.0,113.0
52,40423578,VEDBO,Chairs,975.0,No old price,True,https://www.ikea.com/sa/en/p/vedbo-armchair-gunnared-light-brown-pink-40423578/,Yes,        Armchair,Francis Cayouette,65.0,75.0,73.0
53,70455412,KORNSJÖ,Tables & desks,195.0,No old price,True,https://www.ikea.com/sa/en/p/kornsjoe-side-table-black-70455412/,No,"        Side table,          50x35 cm",Ebba Strandmark,35.0,63.0,50.0
54,89297663,JONAXEL,Bookcases & shelving units,670.0,SR 671,True,https://www.ikea.com/sa/en/p/jonaxel-frame-w-bskts-clths-rl-shlv-uts-s89297663/,No,"        Frame/w bskts/clths rl/shlv uts,          173x51x173 cm",IKEA of Sweden,51.0,173.0,173.0
55,10421665,NORDMELA,Chests of drawers & drawer units,636.0,SR 795,True,https://www.ikea.com/sa/en/p/nordmela-chest-of-4-drawers-black-blue-10421665/,No,"        Chest of 4 drawers,          159x50 cm",Ola Wihlborg,44.0,50.0,159.0
56,75305709,RAST,Chests of drawers & drawer units,139.0,No old price,True,https://www.ikea.com/sa/en/p/rast-chest-of-3-drawers-pine-75305709/,No,"        Chest of 3 drawers,          62x70 cm",IKEA of Sweden,30.0,70.0,62.0
57,80411272,VITVAL,Beds,1295.0,No old price,True,https://www.ikea.com/sa/en/p/vitval-bunk-bed-frame-white-light-grey-80411272/,No,"        Bunk bed frame,          90x200 cm",IKEA of Sweden,0.0,162.0,97.0
58,90184047,MARIUS,Chairs,25.0,No old price,True,https://www.ikea.com/sa/en/p/marius-stool-white-90184047/,No,        Stool,Ola Wihlborg,0.0,0.0,40.0
59,89297229,NORRÅKER / RÖNNINGE,Chairs,1976.0,"SR 2,125",True,https://www.ikea.com/sa/en/p/norraker-roenninge-table-and-4-chairs-birch-birch-s89297229/,No,"        Table and 4 chairs,          125x74 cm",J Karlsson/N Karlsson/Maja Ganszyniec,0.0,0.0,74.0
60,80089239,TROFAST,Children's furniture,10.0,No old price,True,https://www.ikea.com/sa/en/p/trofast-storage-box-white-80089239/,No,"        Storage box,          42x30x10 cm",Studio Copenhagen,0.0,10.0,30.0
61,10357004,KALLRÖR,Cabinets & cupboards,35.0,No old price,True,https://www.ikea.com/sa/en/p/kallroer-handle-stainless-steel-10357004/,No,"        Handle,          405 mm",IKEA of Sweden,38.0,0.0,0.0
62,49061228,BESTÅ,Bookcases & shelving units,510.0,No old price,True,https://www.ikea.com/sa/en/p/besta-tv-bench-black-brown-s49061228/,Yes,"        TV bench,          120x40x48 cm",IKEA of Sweden,40.0,48.0,120.0
63,60265163,BOLMEN,Children's furniture,22.0,No old price,True,https://www.ikea.com/sa/en/p/bolmen-step-stool-white-60265163/,Yes,        Step stool,K Hagberg/M Hagberg,35.0,0.0,44.0
64,49276549,NORDLI,Chests of drawers & drawer units,620.0,SR 775,True,https://www.ikea.com/sa/en/p/nordli-chest-of-2-drawers-white-s49276549/,Yes,"        Chest of 2 drawers,          40x99 cm",Ola Wihlborg,47.0,99.0,40.0
65,29239497,NORDLI,Chests of drawers & drawer units,920.0,"SR 1,150",True,https://www.ikea.com/sa/en/p/nordli-chest-of-6-drawers-white-s29239497/,No,"        Chest of 6 drawers,          120x54 cm",Ola Wihlborg,47.0,54.0,120.0
66,59297438,JONAXEL,Bookcases & shelving units,140.0,No old price,True,https://www.ikea.com/sa/en/p/jonaxel-frame-with-wire-baskets-castors-s59297438/,No,"        Frame with wire baskets/castors,          25x51x73 cm",IKEA of Sweden,51.0,73.0,25.0
67,80404672,VOLFGANG,Chairs,375.0,No old price,True,https://www.ikea.com/sa/en/p/volfgang-chair-chrome-plated-gunnared-medium-grey-80404672/,No,        Chair,"804.046.72 You sit comfortably thanks to the restful flexibility of the seat.You sit comfortably thanks to the padded seat.This chair has been tested for home use and meets the requirements for durability and safety, set forth in the following standards: EN 12520 and EN 1022.",53.0,90.0,50.0
68,90399284,RIMFORSA,Trolleys,1995.0,No old price,True,https://www.ikea.com/sa/en/p/rimforsa-work-bench-stainless-steel-bamboo-90399284/,No,"        Work bench,          120x63.5x92 cm",Ehlén Johansson,0.0,92.0,63.0
69,20400691,BRIMNES,Beds,575.0,No old price,True,https://www.ikea.com/sa/en/p/brimnes-bed-frame-with-storage-white-20400691/,No,"        Bed frame with storage,          90x200 cm",K Hagberg/M Hagberg,54.0,47.0,96.0
70,60428990,NORRÅKER,Chairs,295.0,No old price,True,https://www.ikea.com/sa/en/p/norraker-bench-birch-60428990/,No,"        Bench,          103 cm",J Karlsson/N Karlsson,0.0,45.0,29.0
71,10362963,SLÄKT,Beds,425.0,No old price,True,https://www.ikea.com/sa/en/p/slaekt-pouffe-mattress-foldable-10362963/,No,"        Pouffe/mattress, foldable",Gustav Carlberg,0.0,0.0,62.0
72,338412,BAGGANÄS,Bookcases & shelving units,27.0,No old price,True,https://www.ikea.com/sa/en/p/bagganaes-knob-brass-colour-00338412/,Yes,"        Knob,          21 mm",H Preutz/A Fredriksson,24.0,0.0,21.0
73,50295472,RÅDVIKEN,Chairs,675.0,No old price,True,https://www.ikea.com/sa/en/p/radviken-armchair-dark-brown-black-50295472/,No,        Armchair,Andreas Fredriksson,73.0,82.0,79.0
74,40033763,IVAR,Bookcases & shelving units,295.0,No old price,True,https://www.ikea.com/sa/en/p/ivar-cabinet-pine-40033763/,No,"        Cabinet,          80x30x83 cm",IKEA of Sweden,30.0,83.0,80.0
75,50263838,BILLY,Bookcases & shelving units,145.0,No old price,True,https://www.ikea.com/sa/en/p/billy-bookcase-white-50263838/,Yes,"        Bookcase,          40x28x202 cm","502.638.38 Shallow shelves help you to use small wall spaces effectively by accommodating small items in a minimum of space.Adjustable shelves; adapt space between shelves according to your needs.A simple unit can be enough storage for a limited space or the foundation for a larger storage solution if your needs change.This furniture must be fixed to the wall with the enclosed wall fastener.Different wall materials require different types of fixing devices. Use fixing devices suitable for the walls in your home, sold separately.Min. ceiling height required: 205 cm.1 fixed shelf and 4 adjustable shelves included.May be completed with BILLY corner fitting to form a stable corner unit.May be completed with BILLY height extension unit in the same width for added storage vertically.May be completed with doors; available in different colours and designs.",28.0,202.0,40.0
76,90325518,KULLABERG,Chairs,220.0,SR 275,True,https://www.ikea.com/sa/en/p/kullaberg-swivel-chair-black-90325518/,No,        Swivel chair,Sarah Fager,58.0,0.0,58.0
77,10297656,LISABO,Tables & desks,295.0,No old price,True,https://www.ikea.com/sa/en/p/lisabo-side-table-ash-veneer-10297656/,No,"        Side table,          45x45 cm",K Hagberg/M Hagberg,0.0,45.0,45.0
78,359739,ROTHULT,Cabinets & cupboards,95.0,No old price,True,https://www.ikea.com/sa/en/p/rothult-smart-lock-white-00359739/,No,        Smart lock,IKEA of Sweden,0.0,7.0,3.0
79,10245846,BESTÅ,Bookcases & shelving units,225.0,No old price,True,https://www.ikea.com/sa/en/p/besta-frame-white-10245846/,Yes,"        Frame,          120x40x64 cm",IKEA of Sweden,40.0,64.0,120.0
80,90294989,SKUBB,Bookcases & shelving units,49.0,No old price,True,https://www.ikea.com/sa/en/p/skubb-storage-case-white-90294989/,No,"        Storage case,          69x55x19 cm",IKEA of Sweden,55.0,19.0,69.0
81,248567,SUNDVIK,Beds,695.0,No old price,True,https://www.ikea.com/sa/en/p/sundvik-cot-white-00248567/,No,"        Cot,          60x120 cm",IKEA of Sweden,0.0,85.0,67.0
82,79288230,STENSELE,Tables & desks,450.0,No old price,True,https://www.ikea.com/sa/en/p/stensele-table-anthracite-anthracite-s79288230/,Yes,"        Table,          70 cm",Maja Ganszyniec,0.0,75.0,0.0
83,59337670,LOBERGET / SIBBEN,Chairs,95.0,No old price,True,https://www.ikea.com/sa/en/p/loberget-sibben-childrens-desk-chair-white-s59337670/,No,        Children's desk chair,593.376.70 Height adjustable children's desk chair which you can swivel to the desired height.You sit comfortably since the chair is adjustable in height.May be completed with KOLON floor protector.This product has been tested for domestic use.Recommended for ages 7 – 12 years.,56.0,0.0,56.0
84,152282,INGOLF,Chairs,175.0,No old price,True,https://www.ikea.com/sa/en/p/ingolf-stool-white-00152282/,Yes,        Stool,Carina Bengs,30.0,45.0,39.0
85,30213076,MICKE,Tables & desks,175.0,No old price,True,https://www.ikea.com/sa/en/p/micke-desk-white-30213076/,Yes,"        Desk,          73x50 cm",Henrik Preutz,50.0,75.0,73.0
86,60333850,BROR,Bookcases & shelving units,495.0,No old price,True,https://www.ikea.com/sa/en/p/bror-trolley-black-pine-plywood-60333850/,No,"        Trolley,          85x55 cm",IKEA of Sweden,0.0,88.0,55.0
87,79161486,MELLTORP / ADDE,Tables & desks,359.0,No old price,True,https://www.ikea.com/sa/en/p/melltorp-adde-table-and-4-chairs-white-black-s79161486/,No,"        Table and 4 chairs,          125 cm",Marcus Arvonen/Lisa Norinder,0.0,72.0,75.0
88,50363729,HÄLLAN,Cabinets & cupboards,275.0,No old price,True,https://www.ikea.com/sa/en/p/haellan-cabinet-white-50363729/,No,"        Cabinet,          45x50 cm",Jon Karlsson,47.0,50.0,45.0
89,50434307,LUBBAN,Tables & desks,275.0,No old price,True,https://www.ikea.com/sa/en/p/lubban-trolley-table-with-storage-rattan-anthracite-50434307/,No,        Trolley table with storage,A Fredriksson/J Hultqvist/W Chong,0.0,66.0,50.0
90,29239505,NORDLI,Chests of drawers & drawer units,1540.0,"SR 1,925",True,https://www.ikea.com/sa/en/p/nordli-chest-of-8-drawers-white-s29239505/,Yes,"        Chest of 8 drawers,          160x99 cm",Ola Wihlborg,47.0,99.0,160.0
91,39261874,LÅNGFJÄLL,Chairs,795.0,No old price,True,https://www.ikea.com/sa/en/p/langfjaell-office-chair-with-armrests-gunnared-light-brown-pink-black-s39261874/,Yes,        Office chair with armrests,Eva Lilja Löwenhielm,68.0,0.0,68.0
92,30318163,IVAR,Bookcases & shelving units,35.0,No old price,True,https://www.ikea.com/sa/en/p/ivar-shelf-pine-30318163/,No,"        Shelf,          83x30 cm",IKEA of Sweden,30.0,0.0,83.0
93,430019,HEMNES,Chests of drawers & drawer units,70.0,No old price,True,https://www.ikea.com/sa/en/p/hemnes-glass-top-transparent-00430019/,Yes,"        Glass top,          54x38 cm",IKEA of Sweden,0.0,0.0,38.0
94,20278167,KALLAX,Bookcases & shelving units,50.0,No old price,True,https://www.ikea.com/sa/en/p/kallax-insert-with-door-white-20278167/,Yes,"        Insert with door,          33x33 cm",Tord Björklund,37.0,33.0,33.0
95,30428982,NORRÅKER,Café furniture,596.0,SR 745,True,https://www.ikea.com/sa/en/p/norraker-table-birch-30428982/,No,"        Table,          125x74 cm",J Karlsson/N Karlsson,0.0,74.0,74.0
96,40466285,TROFAST,Children's furniture,10.0,No old price,False,https://www.ikea.com/sa/en/p/trofast-storage-box-green-40466285/,No,"        Storage box,          42x30x10 cm",404.662.85 Fits in TROFAST frames.Can be stacked when completed with a lid.May be completed with TROFAST lid.,30.0,10.0,42.0
97,69253108,FRÖSÖN/DUVHOLMEN,Outdoor furniture,88.0,No old price,True,https://www.ikea.com/sa/en/p/froesoen-duvholmen-back-cushion-outdoor-dark-grey-s69253108/,Yes,"        Back cushion, outdoor,          62x44 cm",Eva Lilja Löwenhielm/IKEA of Sweden,0.0,0.0,62.0
98,10385950,KOPPANG,Chests of drawers & drawer units,395.0,No old price,True,https://www.ikea.com/sa/en/p/koppang-chest-of-3-drawers-white-10385950/,No,"        Chest of 3 drawers,          90x83 cm",K Hagberg/M Hagberg,46.0,83.0,90.0
99,471222,VESKEN,Trolleys,39.0,No old price,False,https://www.ikea.com/sa/en/p/vesken-trolley-white-00471222/,Yes,"        Trolley,          54x18x71 cm",David Wahl,18.0,71.0,54.0
100,40309573,STUK,Bookcases & shelving units,35.0,No old price,True,https://www.ikea.com/sa/en/p/stuk-storage-case-white-grey-40309573/,No,"        Storage case,          55x51x18 cm",IKEA of Sweden,51.0,18.0,55.0
101,39216754,FRIHETEN,Sofas & armchairs,1846.0,"SR 1,995",True,https://www.ikea.com/sa/en/p/friheten-corner-sofa-bed-with-storage-skiftebo-dark-grey-s39216754/,Yes,        Corner sofa-bed with storage,IKEA of Sweden,151.0,66.0,0.0
102,10091453,TROFAST,Children's furniture,275.0,No old price,True,https://www.ikea.com/sa/en/p/trofast-frame-white-10091453/,No,"        Frame,          99x44x94 cm",Studio Copenhagen,44.0,94.0,99.0
103,29297294,MELLTORP / NILSOVE,Chairs,889.0,SR 915,True,https://www.ikea.com/sa/en/p/melltorp-nilsove-table-and-2-chairs-white-rattan-white-s29297294/,No,"        Table and 2 chairs,          75x75 cm",Lisa Norinder/A Fredriksson/J Hultqvist/W Chong,0.0,0.0,75.0
104,59161487,MELLTORP / JANINGE,Tables & desks,1099.0,No old price,True,https://www.ikea.com/sa/en/p/melltorp-janinge-table-and-4-chairs-white-white-s59161487/,No,"        Table and 4 chairs,          125 cm",Lisa Norinder/John/Jonas/Petrus/Paul/Caroline,0.0,72.0,75.0
105,19277036,MÖCKELBY / FANBYN,Tables & desks,4145.0,No old price,True,https://www.ikea.com/sa/en/p/moeckelby-fanbyn-table-and-6-chairs-oak-white-s19277036/,No,"        Table and 6 chairs,          235x100 cm",Marcus Arvonen,0.0,74.0,100.0
106,30381183,KNARREVIK,Tables & desks,39.0,No old price,True,https://www.ikea.com/sa/en/p/knarrevik-bedside-table-black-30381183/,No,"        Bedside table,          37x28 cm",IKEA of Sweden,28.0,45.0,37.0
107,59297141,JONAXEL,Chests of drawers & drawer units,135.0,SR 138,True,https://www.ikea.com/sa/en/p/jonaxel-frame-with-mesh-baskets-s59297141/,No,"        Frame with mesh baskets,          25x51x70 cm",IKEA of Sweden,51.0,70.0,25.0
108,10364523,KALLVIKEN,Bookcases & shelving units,170.0,No old price,True,https://www.ikea.com/sa/en/p/kallviken-door-dark-grey-concrete-effect-10364523/,No,"        Door,          60x64 cm",IKEA of Sweden,0.0,64.0,60.0
109,60431563,FRIHETEN,Sofas & armchairs,1845.0,No old price,True,https://www.ikea.com/sa/en/p/friheten-3-seat-sofa-bed-skiftebo-blue-60431563/,Yes,        3-seat sofa-bed,IKEA of Sweden,105.0,83.0,225.0
110,90217972,ADILS,Tables & desks,15.0,No old price,True,https://www.ikea.com/sa/en/p/adils-leg-white-90217972/,Yes,        Leg,902.179.72 Adjustable feet make the table stand steady also on uneven floors.Screws for fixing the legs to the table top are included.Suitable for table tops with a minimum thickness of 25 mm.,0.0,70.0,0.0
111,441758,KLEPPSTAD,Wardrobes,449.0,No old price,True,https://www.ikea.com/sa/en/p/kleppstad-wardrobe-with-3-doors-white-00441758/,No,"        Wardrobe with 3 doors,          117x176 cm",IKEA of Sweden,55.0,176.0,117.0
112,99291646,KOLBJÖRN,Bookcases & shelving units,450.0,No old price,True,https://www.ikea.com/sa/en/p/kolbjoern-shelving-unit-in-outdoor-s99291646/,No,"        Shelving unit in/outdoor,          80x35x162 cm",IKEA of Sweden,35.0,162.0,80.0
113,30428901,EKET,Cabinets & cupboards,45.0,No old price,True,https://www.ikea.com/sa/en/p/eket-glass-door-clear-glass-30428901/,No,"        Glass door,          32x32 cm",304.289.01 Transforms a single open cube in the EKET series into a display case.Protects the things you love and minimises the need to dust.Tempered glass is more impact resistant than ordinary glass and the surface is easy to clean.Handle with care! A damaged edge or scratched surface can cause the glass to suddenly crack or break. Avoid bumps from the side - this is where the glass is most vulnerable.,0.0,32.0,32.0
114,70253541,AGAM,Children's furniture,195.0,No old price,True,https://www.ikea.com/sa/en/p/agam-junior-chair-black-70253541/,No,        Junior chair,IKEA of Sweden,43.0,79.0,41.0
115,40391657,TORNVIKEN,Trolleys,1495.0,No old price,True,https://www.ikea.com/sa/en/p/tornviken-kitchen-island-off-white-oak-40391657/,No,"        Kitchen island,          126x77 cm",Ebba Strandmark,0.0,90.0,77.0
116,20292328,TOSTERÖ,Outdoor furniture,103.0,No old price,True,https://www.ikea.com/sa/en/p/tosteroe-storage-bag-for-cushions-black-20292328/,No,"        Storage bag for cushions,          116x49 cm",IKEA of Sweden,0.0,35.0,49.0
117,90175000,JUSTINA,Chairs,19.0,No old price,True,https://www.ikea.com/sa/en/p/justina-chair-pad-natural-90175000/,No,"        Chair pad,          35/42x40x4.0 cm",IKEA of Sweden,40.0,0.0,0.0
118,90214308,MICKE,Tables & desks,395.0,No old price,True,https://www.ikea.com/sa/en/p/micke-desk-white-90214308/,Yes,"        Desk,          142x50 cm",Henrik Preutz,50.0,75.0,142.0
119,99278225,BRIMNES,TV & media furniture,1265.0,No old price,True,https://www.ikea.com/sa/en/p/brimnes-tv-storage-combination-glass-doors-white-s99278225/,Yes,"        TV storage combination/glass doors,          276x41x95 cm",K Hagberg/M Hagberg,41.0,95.0,276.0
120,29304586,PLATSA,Wardrobes,1324.0,"SR 1,655",True,https://www.ikea.com/sa/en/p/platsa-wardrobe-w-10-doors-fonnes-white-s29304586/,No,"        Wardrobe w 10 doors,          380x42x221 cm",IKEA of Sweden,42.0,221.0,380.0
121,49123405,TROFAST,Children's furniture,350.0,No old price,True,https://www.ikea.com/sa/en/p/trofast-storage-combination-white-white-s49123405/,No,"        Storage combination,          99x44x56 cm",Studio Copenhagen,44.0,56.0,99.0
122,60155602,DALFRED,Bar furniture,195.0,No old price,True,https://www.ikea.com/sa/en/p/dalfred-bar-stool-black-60155602/,No,"        Bar stool,          63-74 cm",Sarah Fager,50.0,0.0,50.0
123,90180025,MICKE,Tables & desks,175.0,No old price,True,https://www.ikea.com/sa/en/p/micke-add-on-unit-high-white-90180025/,Yes,"        Add-on unit high,          105x65 cm",Henrik Preutz,16.0,65.0,105.0
124,80308699,TROFAST,Children's furniture,55.0,No old price,True,https://www.ikea.com/sa/en/p/trofast-shelf-light-white-stained-pine-pine-80308699/,No,"        Shelf,          30 cm",Studio Copenhagen,0.0,0.0,30.0
125,60322130,KULLEN,Chests of drawers & drawer units,89.0,No old price,True,https://www.ikea.com/sa/en/p/kullen-chest-of-2-drawers-black-brown-60322130/,No,"        Chest of 2 drawers,          35x49 cm",IKEA of Sweden,40.0,49.0,35.0
126,9288224,STENSELE,Bar furniture,550.0,No old price,True,https://www.ikea.com/sa/en/p/stensele-bar-table-anthracite-anthracite-s09288224/,No,"        Bar table,          70 cm",Maja Ganszyniec,0.0,105.0,0.0
127,10400540,EKEDALEN,Bar furniture,345.0,No old price,True,https://www.ikea.com/sa/en/p/ekedalen-bar-stool-with-backrest-dark-brown-orrsta-light-grey-10400540/,No,"        Bar stool with backrest,          75 cm",Ehlén Johansson,52.0,114.0,43.0
128,30247378,BESTÅ,TV & media furniture,125.0,No old price,True,https://www.ikea.com/sa/en/p/besta-frame-grey-stained-walnut-effect-30247378/,Yes,"        Frame,          60x40x38 cm",IKEA of Sweden,40.0,38.0,60.0
129,30425988,KALLVIKEN,Cabinets & cupboards,95.0,No old price,True,https://www.ikea.com/sa/en/p/kallviken-drawer-front-dark-grey-concrete-effect-30425988/,No,"        Drawer front,          60x26 cm",IKEA of Sweden,0.0,26.0,60.0
130,60416925,KYRRE,Chairs,60.0,SR 75,True,https://www.ikea.com/sa/en/p/kyrre-stool-birch-60416925/,No,        Stool,C Styrbjörn/M Axelsson,48.0,45.0,42.0
131,29221256,MELLTORP / TEODORES,Chairs,579.0,No old price,True,https://www.ikea.com/sa/en/p/melltorp-teodores-table-and-4-chairs-white-s29221256/,No,"        Table and 4 chairs,          125 cm",Lisa Norinder/David Wahl,0.0,72.0,75.0
132,80295300,BESTÅ,TV & media furniture,100.0,No old price,True,https://www.ikea.com/sa/en/p/besta-top-panel-for-tv-glass-black-80295300/,Yes,"        Top panel for TV,          120x40 cm",IKEA of Sweden,40.0,0.0,120.0
133,80089239,TROFAST,Nursery furniture,10.0,No old price,True,https://www.ikea.com/sa/en/p/trofast-storage-box-white-80089239/,No,"        Storage box,          42x30x10 cm",Studio Copenhagen,0.0,10.0,30.0
134,19175957,MALM,Beds,920.0,No old price,True,https://www.ikea.com/sa/en/p/malm-bed-frame-high-w-2-storage-boxes-white-s19175957/,Yes,"        Bed frame, high, w 2 storage boxes,          180x200 cm",IKEA of Sweden/Eva Lilja Löwenhielm,59.0,15.0,196.0
135,50422494,GODISHUS,Nursery furniture,395.0,No old price,True,https://www.ikea.com/sa/en/p/godishus-wardrobe-white-50422494/,No,"        Wardrobe,          60x51x178 cm","504.224.94 You can position the shelf and clothes rail in two different ways – clothes rail at the top and shelf down below, or both together at the top of the wardrobe.Deep enough to hold standard-sized adult hangers.With the included colourful stickers, you can quickly label the doors in your own personal way.You can also write with chalk on the sticker to keep track of where you have your things.WARNING! TIPPING HAZARD – Unanchored furniture can tip over. This furniture shall be anchored to the wall with the enclosed safety fitting to prevent it from tipping over.Different wall materials require different types of fixing devices. Use fixing devices suitable for the walls in your home, sold separately.",51.0,178.0,60.0
136,10373495,BEKANT,Tables & desks,1495.0,No old price,True,https://www.ikea.com/sa/en/p/bekant-shelving-unit-black-10373495/,Yes,"        Shelving unit,          121x134 cm",Eva Lilja Löwenhielm,45.0,134.0,121.0
137,90091454,TROFAST,Children's furniture,30.0,No old price,True,https://www.ikea.com/sa/en/p/trofast-shelf-white-90091454/,No,        Shelf,Studio Copenhagen,0.0,0.0,30.0
138,20273141,HISHULT,TV & media furniture,17.0,No old price,True,https://www.ikea.com/sa/en/p/hishult-knob-porcelain-white-20273141/,Yes,"        Knob,          23 mm",K Hagberg/M Hagberg,24.0,0.0,0.0
139,49252553,LANGUR,Children's furniture,400.0,No old price,True,https://www.ikea.com/sa/en/p/langur-junior-highchair-with-tray-white-s49252553/,No,        Junior/highchair with tray,J Fritzdorf/J Feldman/J Hedberg,61.0,87.0,56.0
140,10457999,BERGENES,Tables & desks,9.0,No old price,True,https://www.ikea.com/sa/en/p/bergenes-holder-for-mobile-phone-tablet-bamboo-10457999/,No,        Holder for mobile phone/tablet,IKEA of Sweden,0.0,0.0,8.0
141,19338054,TROFAST,Children's furniture,245.0,No old price,False,https://www.ikea.com/sa/en/p/trofast-storage-combination-light-white-stained-pine-white-pink-s19338054/,Yes,"        Storage combination,          44x30x91 cm",Studio Copenhagen,30.0,91.0,44.0
142,60289324,STOCKSUND,Sofas & armchairs,100.0,No old price,True,https://www.ikea.com/sa/en/p/stocksund-legs-for-bench-light-brown-60289324/,No,        Legs for bench,Nike Karlsson,0.0,18.0,0.0
143,393371,TORNVIKEN,Trolleys,995.0,No old price,True,https://www.ikea.com/sa/en/p/tornviken-kitchen-island-off-white-oak-00393371/,No,"        Kitchen island,          72x52 cm",Ebba Strandmark,52.0,90.0,72.0
144,40299885,BESTÅ,Bookcases & shelving units,475.0,No old price,True,https://www.ikea.com/sa/en/p/besta-tv-bench-black-brown-40299885/,Yes,"        TV bench,          120x40x64 cm","402.998.85 It’s easy to keep the cables from your TV and other devices out of sight but close at hand, as there are several cable outlets at the back of the TV bench.If you want to organise inside you can complement with BESTÅ interior fittings.Steady also on uneven floors, thanks to the adjustable feet.For safety reasons this TV bench shall not be hung on the wall.The TV bench must be fixed to the wall with the included wall fastener.This TV bench can take a max load of 50 kg on the top.Different wall materials require different types of fixing devices. Use fixing devices suitable for the walls in your home, sold separately.May be completed with STALLARP, STUBBARP or NANNARP legs. This TV bench requires 4 legs and 1 BESTÅ supporting leg.May be completed with SULARP legs. This TV bench requires 2 legs and 1 BESTÅ supporting leg.",40.0,64.0,120.0
145,9302913,PLATSA,Beds,1611.0,"SR 1,715",True,https://www.ikea.com/sa/en/p/platsa-bed-frame-with-4-drawers-white-fonnes-s09302913/,No,"        Bed frame with 4 drawers,          142x244x43 cm",IKEA of Sweden,40.0,42.0,141.0
146,9278338,KALLAX,Room dividers,1350.0,No old price,True,https://www.ikea.com/sa/en/p/kallax-shelving-unit-with-10-inserts-white-s09278338/,Yes,"        Shelving unit with 10 inserts,          182x182 cm",Tord Björklund/IKEA of Sweden,39.0,182.0,182.0
147,59270274,LANDSKRONA,Sofas & armchairs,1995.0,No old price,True,https://www.ikea.com/sa/en/p/landskrona-2-seat-sofa-gunnared-dark-grey-metal-s59270274/,Yes,        2-seat sofa,IKEA of Sweden/Tord Björklund,89.0,78.0,164.0
148,40455649,BINGSTA,Chairs,595.0,No old price,True,https://www.ikea.com/sa/en/p/bingsta-armchair-vissle-dark-yellow-kabusa-dark-yellow-40455649/,Yes,        Armchair,Elizabet Gutierrez,58.0,76.0,70.0
149,19189030,EKET,Bookcases & shelving units,656.0,No old price,True,https://www.ikea.com/sa/en/p/eket-wall-mounted-cabinet-combination-white-s19189030/,Yes,"        Wall-mounted cabinet combination,          80x35x210 cm",IKEA of Sweden/Jon Karlsson,35.0,210.0,80.0
150,99234255,HEMNES,Cabinets & cupboards,2666.0,"SR 2,985",True,https://www.ikea.com/sa/en/p/hemnes-storage-combination-w-doors-drawers-white-stained-clear-glass-s99234255/,Yes,"        Storage combination w doors/drawers,          188x197 cm",Carina Bengs,37.0,197.0,188.0
151,10407136,IKEA PS LÖMSK,Chairs,345.0,No old price,True,https://www.ikea.com/sa/en/p/ikea-ps-loemsk-swivel-armchair-white-red-10407136/,No,        Swivel armchair,Monika Mulder,62.0,75.0,59.0
152,60365167,MAMMUT,Tables & desks,129.0,No old price,True,https://www.ikea.com/sa/en/p/mammut-childrens-table-in-outdoor-red-60365167/,No,"        Children's table,          77x55 cm",M Kjelstrup/A Östgaard,0.0,48.0,55.0
153,99017445,KALLAX,Bookcases & shelving units,350.0,No old price,True,https://www.ikea.com/sa/en/p/kallax-shelving-unit-with-doors-black-brown-s99017445/,Yes,"        Shelving unit with doors,          77x147 cm",Tord Björklund,39.0,147.0,77.0
154,40363621,HÄLLAN,Cabinets & cupboards,325.0,No old price,True,https://www.ikea.com/sa/en/p/haellan-cabinet-white-40363621/,No,"        Cabinet,          45x75 cm",Jon Karlsson,47.0,75.0,45.0
155,39307706,VEDBO / VEDBO,Tables & desks,5865.0,No old price,True,https://www.ikea.com/sa/en/p/vedbo-vedbo-table-and-6-chairs-black-black-s39307706/,No,"        Table and 6 chairs,          240x105 cm",Francis Cayouette,0.0,0.0,105.0
156,50425987,KALLVIKEN,Cabinets & cupboards,135.0,No old price,True,https://www.ikea.com/sa/en/p/kallviken-door-drawer-front-dark-grey-concrete-effect-50425987/,No,"        Door/drawer front,          60x38 cm",IKEA of Sweden,0.0,38.0,60.0
157,228705,BRIMNES,Beds,1095.0,No old price,True,https://www.ikea.com/sa/en/p/brimnes-day-bed-frame-with-2-drawers-white-00228705/,No,"        Day-bed frame with 2 drawers,          80x200 cm",K Hagberg/M Hagberg,53.0,21.0,86.0
158,89248371,IVAR,Bookcases & shelving units,1045.0,No old price,True,https://www.ikea.com/sa/en/p/ivar-3-sections-shelves-pine-s89248371/,No,"        3 sections/shelves,          219x30x226 cm",IKEA of Sweden,30.0,226.0,219.0
159,40201916,STENSTORP,Trolleys,795.0,No old price,True,https://www.ikea.com/sa/en/p/stenstorp-kitchen-trolley-white-oak-40201916/,No,"        Kitchen trolley,          45x43x90 cm",Carina Bengs,0.0,90.0,43.0
160,60365167,MAMMUT,Outdoor furniture,129.0,No old price,True,https://www.ikea.com/sa/en/p/mammut-childrens-table-in-outdoor-red-60365167/,No,"        Children's table,          77x55 cm",M Kjelstrup/A Östgaard,0.0,48.0,55.0
161,19189030,EKET,Cabinets & cupboards,656.0,No old price,True,https://www.ikea.com/sa/en/p/eket-wall-mounted-cabinet-combination-white-s19189030/,Yes,"        Wall-mounted cabinet combination,          80x35x210 cm",IKEA of Sweden/Jon Karlsson,35.0,210.0,80.0
162,70228325,RESÖ,Tables & desks,205.0,No old price,True,https://www.ikea.com/sa/en/p/resoe-childrens-picnic-table-grey-brown-stained-grey-brown-70228325/,No,        Children's picnic table,IKEA of Sweden,0.0,49.0,89.0
163,80251513,GÅRÖ,Outdoor furniture,339.0,No old price,True,https://www.ikea.com/sa/en/p/garoe-hammock-stand-outdoor-grey-80251513/,No,"        Hammock stand, outdoor",IKEA of Sweden,0.0,129.0,119.0
164,60431563,FRIHETEN,Beds,1845.0,No old price,True,https://www.ikea.com/sa/en/p/friheten-3-seat-sofa-bed-skiftebo-blue-60431563/,Yes,        3-seat sofa-bed,IKEA of Sweden,105.0,83.0,225.0
165,20013073,NORNA,Chairs,29.0,No old price,True,https://www.ikea.com/sa/en/p/norna-chair-pad-laila-natural-20013073/,No,        Chair pad,200.130.73 The cushion can be turned over and therefore has two sides for even wear.Suitable for AGEN chair.,41.0,0.0,42.0
166,60441779,ÖRFJÄLL,Chairs,195.0,No old price,True,https://www.ikea.com/sa/en/p/oerfjaell-childrens-desk-chair-white-vissle-blue-green-60441779/,No,        Children's desk chair,S Holmbäck/U Nordentoft,53.0,0.0,53.0
167,91415,TROFAST,Nursery furniture,5.0,No old price,True,https://www.ikea.com/sa/en/p/trofast-lid-white-00091415/,No,"        Lid,          20x28 cm",Studio Copenhagen,0.0,0.0,28.0
168,60416138,LANEBERG,Tables & desks,695.0,No old price,True,https://www.ikea.com/sa/en/p/laneberg-extendable-table-white-60416138/,No,"        Extendable table,          130/190x80 cm",K Hagberg/M Hagberg,0.0,75.0,80.0
169,69248348,IVAR,Bookcases & shelving units,350.0,No old price,True,https://www.ikea.com/sa/en/p/ivar-2-sections-shelves-pine-s69248348/,No,"        2 sections/shelves,          174x30x124 cm",IKEA of Sweden,30.0,124.0,174.0
170,90246291,INGATORP,Chairs,445.0,No old price,True,https://www.ikea.com/sa/en/p/ingatorp-chair-with-armrests-white-nordvalla-beige-90246291/,Yes,        Chair with armrests,Ebba Strandmark,63.0,99.0,57.0
171,9903014,MICKE,Tables & desks,451.0,SR 520,True,https://www.ikea.com/sa/en/p/micke-desk-white-s09903014/,Yes,"        Desk,          105x50 cm",Henrik Preutz,50.0,140.0,105.0
172,338407,BAGGANÄS,Bookcases & shelving units,35.0,No old price,True,https://www.ikea.com/sa/en/p/bagganaes-handle-brass-colour-00338407/,Yes,"        Handle,          143 mm",H Preutz/A Fredriksson,31.0,0.0,9.0
173,19276621,NORDLI,Chests of drawers & drawer units,1640.0,"SR 2,050",True,https://www.ikea.com/sa/en/p/nordli-chest-of-8-drawers-white-s19276621/,Yes,"        Chest of 8 drawers,          160x99 cm",Ola Wihlborg,47.0,99.0,160.0
174,20347514,ENERYDA,Cabinets & cupboards,35.0,No old price,True,https://www.ikea.com/sa/en/p/eneryda-handle-brass-colour-20347514/,Yes,"        Handle,          112 mm",Francis Cayouette,30.0,0.0,17.0
175,10291678,LAPPVIKEN,Cabinets & cupboards,45.0,No old price,True,https://www.ikea.com/sa/en/p/lappviken-drawer-front-white-10291678/,Yes,"        Drawer front,          60x26 cm",IKEA of Sweden,0.0,26.0,60.0
176,80339790,HACKÅS,Bookcases & shelving units,17.0,No old price,True,https://www.ikea.com/sa/en/p/hackas-knob-anthracite-80339790/,No,"        Knob,          15 mm",J Löfgren/J Pettersson,18.0,0.0,24.0
177,69057522,TYSSEDAL,Beds,1395.0,No old price,True,https://www.ikea.com/sa/en/p/tyssedal-bed-frame-white-s69057522/,Yes,"        Bed frame,          140x200 cm",Ebba Strandmark/IKEA of Sweden,0.0,0.0,147.0
178,49278341,BRIMNES,Beds,895.0,SR 925,True,https://www.ikea.com/sa/en/p/brimnes-bed-frame-w-storage-and-headboard-white-luroey-s49278341/,No,"        Bed frame w storage and headboard,          90x200 cm",IKEA of Sweden/K Hagberg/M Hagberg,54.0,110.0,96.0
179,99127608,PAX,Wardrobes,1960.0,No old price,True,https://www.ikea.com/sa/en/p/pax-wardrobe-white-fardal-vikedal-s99127608/,Yes,"        Wardrobe,          150x60x201 cm",IKEA of Sweden/Ehlén Johansson,60.0,201.0,150.0
180,70348785,SKÄRHAMN,Bookcases & shelving units,29.0,No old price,True,https://www.ikea.com/sa/en/p/skaerhamn-knob-black-chrome-plated-70348785/,Yes,"        Knob,          22 mm",Ebba Strandmark,24.0,0.0,0.0
181,70239710,STOCKHOLM,Tables & desks,995.0,No old price,True,https://www.ikea.com/sa/en/p/stockholm-coffee-table-walnut-veneer-70239710/,No,"        Coffee table,          180x59 cm",Ola Wihlborg,0.0,40.0,59.0
182,60357737,UTTER,Outdoor furniture,45.0,No old price,True,https://www.ikea.com/sa/en/p/utter-childrens-table-in-outdoor-white-60357737/,No,        Children's table,K Hagberg/M Hagberg,0.0,43.0,42.0
183,10423886,NORDEN,Tables & desks,899.0,No old price,True,https://www.ikea.com/sa/en/p/norden-gateleg-table-white-10423886/,No,"        Gateleg table,          26/89/152x80 cm","104.238.86 Small, neat dimensions make the table easy to furnish with, even when space is limited.Table with drop-leaves seats 2-4; makes it possible to adjust the table size according to need.You can store for example cutlery, table napkins and candles in the 6 drawers under the table top.This table has been tested against our strictest standards for stability, durability and safety to withstand everyday use in your home for years.Seats 2-4.Only recommended for indoor use.For increased stability, re-tighten the screws about two weeks after assembly and when necessary.Combines with other furniture in the NORDEN series.",0.0,74.0,80.0
184,20400276,TRULSTORP,Tables & desks,645.0,No old price,True,https://www.ikea.com/sa/en/p/trulstorp-coffee-table-white-20400276/,No,"        Coffee table,          115x70 cm",204.002.76 One half of the table top can be raised to a more comfortable height for eating or maybe surfing on your laptop.Practical storage space underneath the table top.You can eat comfortably at your coffee table by raising the table top.,0.0,40.0,70.0
185,246196,MARIUS,Chairs,25.0,No old price,True,https://www.ikea.com/sa/en/p/marius-stool-red-00246196/,No,        Stool,Ola Wihlborg,0.0,0.0,40.0
186,99239502,NORDLI,Chests of drawers & drawer units,1060.0,"SR 1,325",True,https://www.ikea.com/sa/en/p/nordli-chest-of-7-drawers-white-s99239502/,No,"        Chest of 7 drawers,          80x122 cm",Ola Wihlborg,47.0,122.0,80.0
187,30094592,POÄNG,Sofas & armchairs,250.0,No old price,True,https://www.ikea.com/sa/en/p/poaeng-footstool-cushion-glose-robust-dark-brown-30094592/,Yes,        Footstool cushion,Noboru Nakamura,0.0,7.0,60.0
188,50058376,AGEN,Chairs,245.0,No old price,True,https://www.ikea.com/sa/en/p/agen-chair-rattan-bamboo-50058376/,No,        Chair,500.583.76 Rattan is a natural material which ages beautifully and develops its own unique character over time.Handwoven; each piece of furniture is unique.Stackable chair; saves space when not in use.Plastic feet; protect the furniture if in contact with a moist surface.May be completed with NORNA chair pad for enhanced seating comfort.,56.0,79.0,58.0
189,80339790,HACKÅS,TV & media furniture,17.0,No old price,True,https://www.ikea.com/sa/en/p/hackas-knob-anthracite-80339790/,No,"        Knob,          15 mm",J Löfgren/J Pettersson,18.0,0.0,24.0
190,69297287,JONAXEL,Bookcases & shelving units,375.0,SR 437,True,https://www.ikea.com/sa/en/p/jonaxel-shelving-unit-s69297287/,No,"        Shelving unit,          182x51x160 cm",IKEA of Sweden,51.0,160.0,182.0
191,10391324,TYSSEDAL,Chests of drawers & drawer units,945.0,No old price,True,https://www.ikea.com/sa/en/p/tyssedal-chest-of-4-drawers-white-10391324/,No,"        Chest of 4 drawers,          67x102 cm",Ebba Strandmark,49.0,102.0,67.0
192,40291629,SELSVIKEN,TV & media furniture,60.0,No old price,True,https://www.ikea.com/sa/en/p/selsviken-drawer-front-high-gloss-black-40291629/,Yes,"        Drawer front,          60x26 cm",IKEA of Sweden,0.0,26.0,60.0
193,29278219,BRIMNES,TV & media furniture,1385.0,No old price,True,https://www.ikea.com/sa/en/p/brimnes-tv-storage-combination-white-s29278219/,Yes,"        TV storage combination,          336x41x95 cm",K Hagberg/M Hagberg,41.0,95.0,336.0
194,29932181,LINNMON / ADILS,Tables & desks,119.0,No old price,True,https://www.ikea.com/sa/en/p/linnmon-adils-table-white-s29932181/,Yes,"        Table,          100x60 cm",IKEA of Sweden,0.0,74.0,60.0
195,19278328,KALLAX,Room dividers,745.0,No old price,True,https://www.ikea.com/sa/en/p/kallax-shelving-unit-with-4-inserts-white-s19278328/,Yes,"        Shelving unit with 4 inserts,          147x147 cm",Tord Björklund,39.0,147.0,147.0
196,50397913,IDÅSEN,Chests of drawers & drawer units,595.0,No old price,True,https://www.ikea.com/sa/en/p/idasen-drawer-unit-on-castors-golden-brown-50397913/,Yes,"        Drawer unit on castors,          42x61 cm",Jon Karlsson,47.0,61.0,42.0
197,90323393,FIXA,TV & media furniture,5.6,SR 7,True,https://www.ikea.com/sa/en/p/fixa-drill-template-orange-90323393/,No,        Drill template,903.233.93 Drill template for marking the hole location of knobs or handles makes it easier for you to place them correctly.The strip on the drill template is put against the edge of the door or drawer front; helps you to place the handle perfectly straight vertically or horizontally.,0.0,0.0,64.0
198,80341496,NYHAMN,Sofas & armchairs,600.0,No old price,True,https://www.ikea.com/sa/en/p/nyhamn-pocket-sprung-mattress-firm-80341496/,No,"        Pocket sprung mattress,          140x200 cm",IKEA of Sweden/L Hilland,0.0,0.0,140.0
199,40369109,NORDVIKEN,Chairs,225.0,No old price,True,https://www.ikea.com/sa/en/p/nordviken-chair-black-40369109/,Yes,        Chair,Francis Cayouette,56.0,97.0,44.0
200,20305707,BUSUNGE,Nursery furniture,645.0,No old price,True,https://www.ikea.com/sa/en/p/busunge-wardrobe-white-20305707/,No,"        Wardrobe,          80x139 cm",Carl Öjerstam,52.0,139.0,80.0
201,19046574,BEKANT,Tables & desks,5300.0,No old price,True,https://www.ikea.com/sa/en/p/bekant-desk-combination-white-s19046574/,Yes,"        Desk combination,          320x220 cm",K Malmvall/E Lilja Löwenhielm,220.0,0.0,0.0
202,79275119,HAVSTA,"Sideboards, buffets & console tables",1395.0,No old price,True,https://www.ikea.com/sa/en/p/havsta-glass-door-cabinet-with-plinth-white-clear-glass-s79275119/,Yes,"        Glass-door cabinet with plinth,          121x37x134 cm",IKEA of Sweden,37.0,134.0,121.0
203,9266024,HAVSTA,Cabinets & cupboards,2525.0,No old price,True,https://www.ikea.com/sa/en/p/havsta-storage-combination-w-glass-doors-dark-brown-s09266024/,Yes,"        Storage combination w glass-doors,          243x37x134 cm",IKEA of Sweden,37.0,134.0,243.0
204,70245952,BESTÅ,Cabinets & cupboards,170.0,No old price,True,https://www.ikea.com/sa/en/p/besta-frame-black-brown-70245952/,Yes,"        Frame,          120x40x38 cm",IKEA of Sweden,40.0,38.0,120.0
205,60295532,BESTÅ,Cabinets & cupboards,30.0,No old price,True,https://www.ikea.com/sa/en/p/besta-glass-shelf-glass-60295532/,No,"        Glass shelf,          56x36 cm",IKEA of Sweden,36.0,0.0,56.0
206,50466275,TROFAST,Nursery furniture,15.0,No old price,False,https://www.ikea.com/sa/en/p/trofast-storage-box-pink-50466275/,No,"        Storage box,          42x30x23 cm",504.662.75 Fits in TROFAST frames.Can be stacked when completed with a lid.May be completed with TROFAST lid.,30.0,23.0,42.0
207,70297658,LISABO,Tables & desks,545.0,No old price,True,https://www.ikea.com/sa/en/p/lisabo-coffee-table-ash-veneer-70297658/,No,"        Coffee table,          118x50 cm",K Hagberg/M Hagberg,0.0,50.0,50.0
208,30299070,LISABO,Tables & desks,745.0,No old price,True,https://www.ikea.com/sa/en/p/lisabo-desk-ash-veneer-30299070/,No,"        Desk,          118x45 cm",K Hagberg/M Hagberg,45.0,74.0,118.0
209,30160209,LURÖY,Beds,100.0,No old price,True,https://www.ikea.com/sa/en/p/luroey-slatted-bed-base-30160209/,Yes,"        Slatted bed base,          80x200 cm",IKEA of Sweden,0.0,4.0,80.0
210,20351515,BESTÅ,Cabinets & cupboards,75.0,No old price,True,https://www.ikea.com/sa/en/p/besta-drawer-frame-grey-stained-walnut-effect-20351515/,Yes,"        Drawer frame,          60x25x40 cm",IKEA of Sweden,40.0,25.0,60.0
211,40411047,KUDDARNA,Outdoor furniture,45.0,No old price,True,https://www.ikea.com/sa/en/p/kuddarna-back-cushion-outdoor-beige-40411047/,No,"        Back cushion, outdoor,          62x44 cm",IKEA of Sweden,0.0,0.0,62.0
212,90253535,AGAM,Chairs,195.0,No old price,True,https://www.ikea.com/sa/en/p/agam-junior-chair-white-90253535/,No,        Junior chair,IKEA of Sweden,43.0,79.0,41.0
213,99248380,IVAR,Bookcases & shelving units,990.0,No old price,True,https://www.ikea.com/sa/en/p/ivar-3-sections-shelves-cabinet-pine-s99248380/,No,"        3 sections/shelves/cabinet,          259x30x124 cm",IKEA of Sweden,30.0,124.0,259.0
214,60333850,BROR,Trolleys,495.0,No old price,True,https://www.ikea.com/sa/en/p/bror-trolley-black-pine-plywood-60333850/,No,"        Trolley,          85x55 cm",IKEA of Sweden,0.0,88.0,55.0
215,80247371,BESTÅ,TV & media furniture,225.0,No old price,True,https://www.ikea.com/sa/en/p/besta-frame-grey-stained-walnut-effect-80247371/,Yes,"        Frame,          60x40x192 cm",IKEA of Sweden,40.0,192.0,60.0
216,39325022,PAX / GRIMO/VIKEDAL,Wardrobes,3935.0,No old price,True,https://www.ikea.com/sa/en/p/pax-grimo-vikedal-wardrobe-combination-white-mirror-glass-s39325022/,Yes,"        Wardrobe combination,          200x60x236 cm",Ola Wihlborg/Ehlén Johansson/IKEA of Sweden,60.0,236.0,200.0
217,30342479,HACKÅS,Bookcases & shelving units,32.0,No old price,True,https://www.ikea.com/sa/en/p/hackas-handle-anthracite-30342479/,No,"        Handle,          100 mm",J Löfgren/J Pettersson,18.0,0.0,24.0
218,19161489,MELLTORP / NISSE,Tables & desks,297.0,SR 383,True,https://www.ikea.com/sa/en/p/melltorp-nisse-table-and-2-folding-chairs-white-white-s19161489/,No,"        Table and 2 folding chairs,          75 cm",Lisa Norinder,0.0,72.0,75.0
219,20449517,KLEPPSTAD,Wardrobes,45.0,No old price,True,https://www.ikea.com/sa/en/p/kleppstad-shelf-white-20449517/,No,"        Shelf,          76x50 cm",IKEA of Sweden,50.0,0.0,76.0
220,89307643,EKET,Cabinets & cupboards,114.0,No old price,True,https://www.ikea.com/sa/en/p/eket-wall-mounted-cabinet-combination-white-s89307643/,Yes,"        Wall-mounted cabinet combination,          35x35x35 cm",IKEA of Sweden/Jon Karlsson,35.0,35.0,35.0
221,105064,LIATORP,"Sideboards, buffets & console tables",445.0,No old price,True,https://www.ikea.com/sa/en/p/liatorp-console-table-white-glass-00105064/,No,"        Console table,          133x37 cm",Carina Bengs,0.0,75.0,37.0
222,60245844,BESTÅ,TV & media furniture,170.0,No old price,True,https://www.ikea.com/sa/en/p/besta-frame-white-60245844/,Yes,"        Frame,          120x40x38 cm",IKEA of Sweden,40.0,38.0,120.0
223,349444,TINGBY,Tables & desks,149.0,No old price,True,https://www.ikea.com/sa/en/p/tingby-side-table-on-castors-grey-00349444/,Yes,"        Side table on castors,          50x50 cm","003.494.44 Separate shelf for magazines, etc. helps you keep your things organised and the table top clear.The castors make it easy to move the table if needed.",0.0,45.0,50.0
224,80344923,EKET,Bookcases & shelving units,375.0,No old price,True,https://www.ikea.com/sa/en/p/eket-cabinet-with-2-drawers-dark-grey-80344923/,Yes,"        Cabinet with 2 drawers,          70x35x35 cm",Jon Karlsson,35.0,35.0,70.0
225,40455654,BINGSTA,Chairs,695.0,No old price,True,https://www.ikea.com/sa/en/p/bingsta-high-back-armchair-vissle-dark-yellow-kabusa-dark-yellow-40455654/,Yes,        High-back armchair,Elizabet Gutierrez,58.0,101.0,70.0
226,10203610,MALM,Tables & desks,375.0,No old price,True,https://www.ikea.com/sa/en/p/malm-dressing-table-white-10203610/,Yes,"        Dressing table,          120x41 cm",Eva Lilja Löwenhielm,41.0,78.0,120.0
227,20439472,NORDKISA,Tables & desks,476.0,SR 595,True,https://www.ikea.com/sa/en/p/nordkisa-dressing-table-bamboo-20439472/,No,"        Dressing table,          76x47 cm",L Hilland/J Karlsson,47.0,79.0,76.0
228,99217755,BILLY / OXBERG,Bookcases & shelving units,995.0,No old price,True,https://www.ikea.com/sa/en/p/billy-oxberg-bookcase-black-brown-s99217755/,Yes,"        Bookcase,          80x30x237 cm",Gillis Lundgren/IKEA of Sweden,30.0,237.0,80.0
229,49022519,BEKANT,Tables & desks,2645.0,No old price,True,https://www.ikea.com/sa/en/p/bekant-desk-sit-stand-white-s49022519/,Yes,"        Desk sit/stand,          120x80 cm",K Malmvall/E Lilja Löwenhielm,0.0,0.0,80.0
230,50357002,KALLRÖR,Bookcases & shelving units,25.0,No old price,True,https://www.ikea.com/sa/en/p/kallroer-handle-stainless-steel-50357002/,No,"        Handle,          213 mm",IKEA of Sweden,38.0,0.0,0.0
231,40365366,MAMMUT,Children's furniture,59.0,No old price,True,https://www.ikea.com/sa/en/p/mammut-childrens-chair-in-outdoor-red-40365366/,No,        Children's chair,M Kjelstrup/A Östgaard,36.0,67.0,39.0
232,70342199,FJÄLLBO,Bookcases & shelving units,295.0,No old price,True,https://www.ikea.com/sa/en/p/fjaellbo-shelving-unit-black-70342199/,No,"        Shelving unit,          51x136 cm",Johan Kroon,36.0,136.0,51.0
233,10411242,VITVAL,Beds,995.0,No old price,True,https://www.ikea.com/sa/en/p/vitval-loft-bed-frame-white-light-grey-10411242/,No,"        Loft bed frame,          90x200 cm",IKEA of Sweden,0.0,195.0,135.0
234,50293604,BESTÅ,Cabinets & cupboards,15.0,No old price,True,https://www.ikea.com/sa/en/p/besta-supporting-leg-grey-50293604/,No,"        Supporting leg,          10 cm",IKEA of Sweden,0.0,10.0,0.0
235,60372276,HEMNES,Beds,1495.0,No old price,True,https://www.ikea.com/sa/en/p/hemnes-day-bed-frame-with-3-drawers-grey-60372276/,No,"        Day-bed frame with 3 drawers,          80x200 cm",Carina Bengs,70.0,18.0,89.0
236,69017475,KALLAX,Room dividers,895.0,No old price,True,https://www.ikea.com/sa/en/p/kallax-shelving-unit-with-8-inserts-white-s69017475/,Yes,"        Shelving unit with 8 inserts,          147x147 cm",Tord Björklund,39.0,147.0,147.0
237,50409874,BRIMNES,TV & media furniture,595.0,No old price,True,https://www.ikea.com/sa/en/p/brimnes-tv-bench-white-50409874/,Yes,"        TV bench,          180x41x53 cm",K Hagberg/M Hagberg,41.0,53.0,180.0
238,59336374,EKET,Cabinets & cupboards,139.0,No old price,True,https://www.ikea.com/sa/en/p/eket-wall-cabinet-with-glass-door-white-s59336374/,Yes,"        Wall cabinet with glass door,          35x35x35 cm",IKEA of Sweden/Jon Karlsson,35.0,35.0,35.0
239,30171123,TROFAST,Children's furniture,175.0,No old price,True,https://www.ikea.com/sa/en/p/trofast-frame-white-30171123/,No,"        Frame,          46x30x145 cm",Studio Copenhagen,30.0,145.0,46.0
240,50466275,TROFAST,Children's furniture,15.0,No old price,False,https://www.ikea.com/sa/en/p/trofast-storage-box-pink-50466275/,No,"        Storage box,          42x30x23 cm",504.662.75 Fits in TROFAST frames.Can be stacked when completed with a lid.May be completed with TROFAST lid.,30.0,23.0,42.0
241,10363632,HÄLLAN,Cabinets & cupboards,50.0,No old price,True,https://www.ikea.com/sa/en/p/haellan-pair-of-legs-white-10363632/,No,"        Pair of legs,          29 cm",Jon Karlsson,2.0,29.0,45.0
242,89302914,PLATSA,Beds,2307.0,"SR 2,560",True,https://www.ikea.com/sa/en/p/platsa-bed-frame-with-10-drawers-white-fonnes-s89302914/,No,"        Bed frame with 10 drawers,          140x244x103 cm",IKEA of Sweden,40.0,43.0,140.0
243,80245051,STOCKHOLM,Sofas & armchairs,6680.0,"SR 8,350",True,https://www.ikea.com/sa/en/p/stockholm-three-seat-sofa-seglora-natural-80245051/,No,        Three-seat sofa,Niels Gammelgaard,88.0,80.0,211.0
244,10331014,MALINDA,Chairs,25.0,SR 30,True,https://www.ikea.com/sa/en/p/malinda-chair-cushion-grey-10331014/,No,"        Chair cushion,          40/35x38x7 cm",103.310.14 Hook and loop fasteners keep the chair cushion in place.The chair cushion has two identical sides so it can be turned over for even wear.Easy to keep clean since it is machine washable.,38.0,0.0,0.0
245,9306204,JONAXEL,Bookcases & shelving units,585.0,SR 657,True,https://www.ikea.com/sa/en/p/jonaxel-frames-clothes-rails-shelving-units-s09306204/,No,"        Frames/clothes rails/shelving units,          148x51x173 cm",IKEA of Sweden,51.0,173.0,148.0
246,90423887,NORDEN,Tables & desks,899.0,No old price,True,https://www.ikea.com/sa/en/p/norden-gateleg-table-birch-90423887/,No,"        Gateleg table,          26/89/152x80 cm","904.238.87 Small, neat dimensions make the table easy to furnish with, even when space is limited.Table with drop-leaves seats 2-4; makes it possible to adjust the table size according to need.You can store for example cutlery, table napkins and candles in the 6 drawers under the table top.This table has been tested against our strictest standards for stability, durability and safety to withstand everyday use in your home for years.Seats 2-4.Only recommended for indoor use.Combines with other furniture in the NORDEN series.For increased stability, re-tighten the screws about two weeks after assembly and when necessary.",0.0,74.0,80.0
247,10338421,BAGGANÄS,Bookcases & shelving units,27.0,No old price,True,https://www.ikea.com/sa/en/p/bagganaes-knob-stainless-steel-10338421/,Yes,"        Knob,          20 mm",H Preutz/A Fredriksson,28.0,0.0,20.0
248,30396655,HEMNES,Chairs,495.0,No old price,True,https://www.ikea.com/sa/en/p/hemnes-storage-bench-w-towel-rail-4-hooks-white-30396655/,No,"        Storage bench w towel rail/4 hooks,          64x37x173 cm",T Christensen/K Legaard,37.0,173.0,64.0
249,90252908,BEKANT,Tables & desks,620.0,SR 775,True,https://www.ikea.com/sa/en/p/bekant-underframe-for-table-top-white-90252908/,Yes,"        Underframe for table top,          160x80 cm",K Malmvall/E Lilja Löwenhielm,0.0,0.0,80.0
250,60463498,SAKARIAS,Chairs,175.0,No old price,True,https://www.ikea.com/sa/en/p/sakarias-stool-frame-black-60463498/,No,        Stool frame,Ebba Strandmark,51.0,49.0,39.0
251,90091454,TROFAST,Nursery furniture,30.0,No old price,True,https://www.ikea.com/sa/en/p/trofast-shelf-white-90091454/,No,        Shelf,Studio Copenhagen,0.0,0.0,30.0
252,99249520,HÄLLAN,Cabinets & cupboards,1575.0,No old price,True,https://www.ikea.com/sa/en/p/haellan-storage-combination-with-doors-white-s99249520/,No,"        Storage combination with doors,          90x47x167 cm",Jon Karlsson,47.0,167.0,90.0
253,10251451,IKEA PS,"Sideboards, buffets & console tables",425.0,No old price,True,https://www.ikea.com/sa/en/p/ikea-ps-cabinet-white-10251451/,No,"        Cabinet,          119x63 cm",Nicholai Wiig Hansen,40.0,63.0,119.0
254,49011766,MELLTORP / ADDE,Tables & desks,179.0,SR 205,True,https://www.ikea.com/sa/en/p/melltorp-adde-table-and-2-chairs-white-s49011766/,No,"        Table and 2 chairs,          75 cm",Lisa Norinder/Marcus Arvonen,0.0,72.0,75.0
255,50425987,KALLVIKEN,TV & media furniture,135.0,No old price,True,https://www.ikea.com/sa/en/p/kallviken-door-drawer-front-dark-grey-concrete-effect-50425987/,No,"        Door/drawer front,          60x38 cm",IKEA of Sweden,0.0,38.0,60.0
256,90305803,VITTSJÖ,Bookcases & shelving units,245.0,No old price,True,https://www.ikea.com/sa/en/p/vittsjoe-shelving-unit-black-brown-glass-90305803/,No,"        Shelving unit,          100x93 cm",Johan Kroon,36.0,93.0,100.0
257,49285817,EKET,Bookcases & shelving units,94.0,No old price,True,https://www.ikea.com/sa/en/p/eket-wall-mounted-shelving-unit-white-s49285817/,Yes,"        Wall-mounted shelving unit,          35x35x35 cm",Jon Karlsson/IKEA of Sweden,35.0,35.0,35.0
258,90366839,SONGESAND,Chests of drawers & drawer units,495.0,No old price,True,https://www.ikea.com/sa/en/p/songesand-chest-of-3-drawers-white-90366839/,Yes,"        Chest of 3 drawers,          82x81 cm",IKEA of Sweden,50.0,81.0,82.0
259,20351515,BESTÅ,TV & media furniture,75.0,No old price,True,https://www.ikea.com/sa/en/p/besta-drawer-frame-grey-stained-walnut-effect-20351515/,Yes,"        Drawer frame,          60x25x40 cm",IKEA of Sweden,40.0,25.0,60.0
260,20348896,ÖSTERNÄS,Cabinets & cupboards,49.0,No old price,True,https://www.ikea.com/sa/en/p/oesternaes-leather-handle-tanned-leather-20348896/,No,"        Leather handle,          65 mm",H Preutz/A Fredriksson,0.0,0.0,25.0
261,70391038,HAVSTA,Bookcases & shelving units,695.0,No old price,True,https://www.ikea.com/sa/en/p/havsta-shelving-unit-with-plinth-dark-brown-70391038/,Yes,"        Shelving unit with plinth,          61x37x212 cm",IKEA of Sweden,37.0,212.0,61.0
262,90301225,BRIMNES,Bookcases & shelving units,445.0,No old price,True,https://www.ikea.com/sa/en/p/brimnes-bookcase-white-90301225/,Yes,"        Bookcase,          60x190 cm",K Hagberg/M Hagberg,35.0,190.0,60.0
263,39161488,MELLTORP / JANINGE,Chairs,919.0,"SR 1,099",True,https://www.ikea.com/sa/en/p/melltorp-janinge-table-and-4-chairs-white-yellow-s39161488/,No,"        Table and 4 chairs,          125 cm",John/Jonas/Petrus/Paul/Caroline/Lisa Norinder,0.0,72.0,75.0
264,29297232,NORRÅKER / NORRARYD,Tables & desks,1636.0,"SR 2,045",True,https://www.ikea.com/sa/en/p/norraker-norraryd-table-and-4-chairs-birch-black-s29297232/,No,"        Table and 4 chairs,          125x74 cm",Nike Karlsson/J Karlsson/N Karlsson,0.0,0.0,74.0
265,289317,STOCKSUND,Sofas & armchairs,100.0,No old price,True,https://www.ikea.com/sa/en/p/stocksund-legs-for-armchair-sofas-black-00289317/,No,        Legs for armchair/sofas,Nike Karlsson,0.0,18.0,0.0
266,49325371,PLATSA,Wardrobes,435.0,No old price,True,https://www.ikea.com/sa/en/p/platsa-wall-storage-white-s49325371/,No,"        Wall storage,          240x40x40 cm",Ola Wihlborg,40.0,40.0,240.0
267,90419965,JONAXEL,Bookcases & shelving units,20.0,SR 22,True,https://www.ikea.com/sa/en/p/jonaxel-mesh-basket-white-90419965/,No,"        Mesh basket,          25x51x15 cm",IKEA of Sweden,51.0,15.0,25.0
268,89248314,IVAR,Bookcases & shelving units,275.0,No old price,True,https://www.ikea.com/sa/en/p/ivar-1-section-shelves-pine-s89248314/,No,"        1 section/shelves,          89x30x179 cm",IKEA of Sweden,30.0,179.0,89.0
269,39318031,HYLLIS,Bookcases & shelving units,137.0,No old price,True,https://www.ikea.com/sa/en/p/hyllis-shelving-unit-in-outdoor-s39318031/,No,"        Shelving unit in/outdoor,          180x27x74-140 cm",IKEA of Sweden,27.0,0.0,180.0
270,50240031,ASKHOLMEN,Outdoor furniture,129.0,No old price,True,https://www.ikea.com/sa/en/p/askholmen-chair-outdoor-grey-brown-foldable-grey-brown-stained-light-brown-stained-light-brown-50240031/,No,"        Chair, outdoor",IKEA of Sweden,49.0,87.0,36.0
271,80341019,EKEDALEN,Chairs,225.0,No old price,True,https://www.ikea.com/sa/en/p/ekedalen-chair-brown-orrsta-light-grey-80341019/,No,        Chair,Ehlén Johansson,51.0,95.0,43.0
272,20419964,JONAXEL,Bookcases & shelving units,25.0,SR 27,True,https://www.ikea.com/sa/en/p/jonaxel-mesh-basket-white-20419964/,No,"        Mesh basket,          50x51x15 cm",IKEA of Sweden,51.0,15.0,50.0
273,60341015,EKEDALEN,Chairs,225.0,No old price,True,https://www.ikea.com/sa/en/p/ekedalen-chair-white-orrsta-light-grey-60341015/,No,        Chair,Ehlén Johansson,51.0,95.0,43.0
274,69337801,TROFAST,Children's furniture,200.0,No old price,False,https://www.ikea.com/sa/en/p/trofast-storage-combination-white-white-pink-s69337801/,Yes,"        Storage combination,          46x30x94 cm",Studio Copenhagen,30.0,94.0,46.0
275,40466389,GISTAD,Chairs,945.0,No old price,True,https://www.ikea.com/sa/en/p/gistad-recliner-idekulla-dark-red-40466389/,Yes,        Recliner,IKEA of Sweden,84.0,96.0,66.0
276,80371520,TROGEN,Chairs,89.0,No old price,True,https://www.ikea.com/sa/en/p/trogen-childrens-step-stool-yellow-80371520/,No,"        Children's step stool,          40x38x33 cm",J Asshoff/H Brogård,38.0,33.0,40.0
277,80437234,KLEPPSTAD,Wardrobes,349.0,No old price,True,https://www.ikea.com/sa/en/p/kleppstad-wardrobe-with-2-doors-white-80437234/,No,"        Wardrobe with 2 doors,          79x176 cm",IKEA of Sweden,55.0,176.0,79.0
278,69185435,KRITTER,Beds,360.0,No old price,True,https://www.ikea.com/sa/en/p/kritter-bed-frame-with-slatted-bed-base-white-s69185435/,No,"        Bed frame with slatted bed base,          70x160 cm",IKEA of Sweden/Anna Efverlund,0.0,0.0,75.0
279,30250257,KRILLE,Tables & desks,75.0,No old price,True,https://www.ikea.com/sa/en/p/krille-leg-with-castor-white-30250257/,No,"        Leg with castor,          70 cm",Francis Cayouette,0.0,70.0,0.0
280,60214159,MALM,Tables & desks,475.0,SR 545,True,https://www.ikea.com/sa/en/p/malm-desk-white-60214159/,Yes,"        Desk,          140x65 cm","602.141.59 You can collect cables and extension leads on the shelf under the table top, so they’re hidden but still close at hand.Can be placed in the middle of a room because the back is finished.You can mount the storage unit to the right or left, according to your space or preference. Combines with other furniture in the MALM series.May be completed with SUMMERA drawer insert with 6 compartments to create order in the drawer.",65.0,73.0,140.0
281,359739,ROTHULT,Chests of drawers & drawer units,95.0,No old price,True,https://www.ikea.com/sa/en/p/rothult-smart-lock-white-00359739/,No,        Smart lock,IKEA of Sweden,0.0,7.0,3.0
282,19246144,SKOGSTA / NORRARYD,Tables & desks,3555.0,"SR 3,945",True,https://www.ikea.com/sa/en/p/skogsta-norraryd-table-and-6-chairs-acacia-black-s19246144/,No,"        Table and 6 chairs,          235x100 cm",Marcus Arvonen/Nike Karlsson,0.0,74.0,100.0
283,59221373,PAX,Wardrobes,2025.0,No old price,True,https://www.ikea.com/sa/en/p/pax-corner-wardrobe-white-flisberget-light-beige-s59221373/,No,"        Corner wardrobe,          160/88x236 cm",K Hagberg/M Hagberg/Ehlén Johansson/IKEA of Sweden,0.0,236.0,87.0
284,30285153,LAPPLAND,TV & media furniture,695.0,No old price,True,https://www.ikea.com/sa/en/p/lappland-tv-storage-unit-black-brown-30285153/,Yes,"        TV storage unit,          183x39x147 cm",IKEA of Sweden,39.0,147.0,183.0
285,40299687,BURFJORD,Beds,40.0,SR 50/4 pack,True,https://www.ikea.com/sa/en/p/burfjord-leg-oak-40299687/,No,"        Leg,          10 cm",Ola Wihlborg,55.0,0.0,55.0
286,95685100,TROFAST,Children's furniture,15.0,No old price,True,https://www.ikea.com/sa/en/p/trofast-storage-box-white-95685100/,No,"        Storage box,          42x30x23 cm",Studio Copenhagen,0.0,23.0,30.0
287,9300103,PAX,Wardrobes,3500.0,No old price,True,https://www.ikea.com/sa/en/p/pax-wardrobe-white-tyssedal-glass-s09300103/,No,"        Wardrobe,          200x60x236 cm",Ebba Strandmark/Ehlén Johansson/IKEA of Sweden,60.0,236.0,200.0
288,89907452,STOLJAN,Chairs,220.0,SR 275,True,https://www.ikea.com/sa/en/p/stoljan-conference-chair-white-black-s89907452/,Yes,        Conference chair,Henrik Preutz,51.0,81.0,45.0
289,30374413,HEMNES,Tables & desks,595.0,No old price,True,https://www.ikea.com/sa/en/p/hemnes-dressing-table-with-mirror-white-30374413/,No,"        Dressing table with mirror,          100x50 cm",Carina Bengs,50.0,159.0,100.0
290,39280698,MELLTORP / NISSE,Tables & desks,197.0,SR 263,True,https://www.ikea.com/sa/en/p/melltorp-nisse-table-and-2-folding-chairs-white-dark-blue-lilac-s39280698/,No,"        Table and 2 folding chairs,          75 cm",Lisa Norinder,0.0,72.0,75.0
291,60447677,NORDKISA,Tables & desks,245.0,No old price,True,https://www.ikea.com/sa/en/p/nordkisa-bedside-table-bamboo-60447677/,No,"        Bedside table,          40x40 cm",L Hilland/J Karlsson,40.0,67.0,40.0
292,90222407,INGATORP,Tables & desks,945.0,No old price,True,https://www.ikea.com/sa/en/p/ingatorp-extendable-table-black-90222407/,No,"        Extendable table,          155/215x87 cm",Carina Bengs,0.0,74.0,87.0
293,90213078,MICKE,Chests of drawers & drawer units,245.0,No old price,True,https://www.ikea.com/sa/en/p/micke-drawer-unit-on-castors-white-90213078/,Yes,"        Drawer unit on castors,          35x75 cm",Henrik Preutz,50.0,75.0,35.0
294,99157370,ELVARLI,Wardrobes,1245.0,"SR 1,355",True,https://www.ikea.com/sa/en/p/elvarli-3-sections-white-s99157370/,No,"        3 sections,          258x51x222-350 cm",Ehlén Johansson,50.0,0.0,258.0
295,69286806,BEKANT,Cabinets & cupboards,1000.0,No old price,True,https://www.ikea.com/sa/en/p/bekant-storage-unit-with-smart-lock-mesh-white-s69286806/,Yes,"        Storage unit with smart lock,          41x61 cm",IKEA of Sweden/Eva Lilja Löwenhielm,45.0,61.0,41.0
296,9323623,SMÅGÖRA,Tables & desks,465.0,No old price,True,https://www.ikea.com/sa/en/p/smagoera-changing-tbl-bookshelf-w-2-shlf-ut-white-s09323623/,No,        Changing tbl/bookshelf w 2 shlf ut,IKEA of Sweden,40.0,91.0,60.0
297,50342478,HACKÅS,Cabinets & cupboards,50.0,No old price,False,https://www.ikea.com/sa/en/p/hackas-handle-anthracite-50342478/,No,"        Handle,          300 mm",J Löfgren/J Pettersson,18.0,0.0,24.0
298,49133579,IVAR,Bookcases & shelving units,365.0,No old price,True,https://www.ikea.com/sa/en/p/ivar-1-section-bottle-racks-pine-grey-s49133579/,No,"        1 section/bottle racks,          89x30x124 cm",IKEA of Sweden/Sarah Fager,30.0,124.0,89.0
299,40337694,BRIMNES,TV & media furniture,425.0,No old price,True,https://www.ikea.com/sa/en/p/brimnes-tv-bench-white-40337694/,Yes,"        TV bench,          120x41x53 cm",K Hagberg/M Hagberg,41.0,53.0,120.0
300,50365177,MAMMUT,Tables & desks,129.0,No old price,True,https://www.ikea.com/sa/en/p/mammut-childrens-table-in-outdoor-white-50365177/,No,"        Children's table,          77x55 cm",M Kjelstrup/A Östgaard,0.0,48.0,55.0
301,351248,BESTÅ,Bookcases & shelving units,75.0,No old price,True,https://www.ikea.com/sa/en/p/besta-drawer-frame-black-brown-00351248/,Yes,"        Drawer frame,          60x25x40 cm",IKEA of Sweden,40.0,25.0,60.0
302,20281631,RISATORP,Trolleys,245.0,No old price,True,https://www.ikea.com/sa/en/p/risatorp-trolley-white-20281631/,No,"        Trolley,          57x39x86 cm",Wiebke Braasch,0.0,86.0,39.0
303,79189150,EKET,Bookcases & shelving units,1044.0,No old price,True,https://www.ikea.com/sa/en/p/eket-wall-mounted-cabinet-combination-dark-grey-s79189150/,Yes,"        Wall-mounted cabinet combination,          175x35x210 cm",IKEA of Sweden/Jon Karlsson,35.0,210.0,175.0
304,80361564,VANGSTA,Tables & desks,545.0,No old price,True,https://www.ikea.com/sa/en/p/vangsta-extendable-table-white-80361564/,No,"        Extendable table,          120/180x75 cm",IKEA of Sweden,0.0,73.0,75.0
305,60245957,BESTÅ,Bookcases & shelving units,100.0,No old price,True,https://www.ikea.com/sa/en/p/besta-frame-black-brown-60245957/,Yes,"        Frame,          60x20x38 cm",IKEA of Sweden,20.0,38.0,60.0
306,20228709,BRIMNES,Beds,220.0,No old price,True,https://www.ikea.com/sa/en/p/brimnes-headboard-with-storage-compartment-white-20228709/,Yes,"        Headboard with storage compartment,          140 cm",K Hagberg/M Hagberg,28.0,111.0,146.0
307,90253535,AGAM,Children's furniture,195.0,No old price,True,https://www.ikea.com/sa/en/p/agam-junior-chair-white-90253535/,No,        Junior chair,IKEA of Sweden,43.0,79.0,41.0
308,30204798,DJUPVIK,Chairs,100.0,No old price,True,https://www.ikea.com/sa/en/p/djupvik-cushion-blekinge-white-30204798/,No,"        Cushion,          54x54 cm",IKEA of Sweden,0.0,0.0,54.0
309,69287392,BILLY / OXBERG,Cabinets & cupboards,195.0,No old price,True,https://www.ikea.com/sa/en/p/billy-oxberg-bookcase-with-door-white-s69287392/,Yes,"        Bookcase with door,          40x30x106 cm",Gillis Lundgren,30.0,106.0,40.0
310,70305700,BUSUNGE,Beds,795.0,No old price,True,https://www.ikea.com/sa/en/p/busunge-extendable-bed-white-70305700/,No,"        Extendable bed,          80x200 cm",Carl Öjerstam,0.0,0.0,90.0
311,40463055,RÅSHULT,Trolleys,125.0,No old price,True,https://www.ikea.com/sa/en/p/rashult-trolley-black-40463055/,No,"        Trolley,          38x28 cm",IKEA of Sweden,0.0,65.0,28.0
312,60338414,BAGGANÄS,TV & media furniture,50.0,No old price,True,https://www.ikea.com/sa/en/p/bagganaes-handle-black-60338414/,Yes,"        Handle,          335 mm",H Preutz/A Fredriksson,31.0,0.0,9.0
313,79277019,MÖCKELBY / ODGER,Tables & desks,4265.0,No old price,True,https://www.ikea.com/sa/en/p/moeckelby-odger-table-and-6-chairs-oak-white-beige-s79277019/,No,"        Table and 6 chairs,          235x100 cm",J Löfgren/J Pettersson/Marcus Arvonen,0.0,74.0,100.0
314,70246089,JANINGE,Café furniture,595.0,No old price,True,https://www.ikea.com/sa/en/p/janinge-bar-stool-white-70246089/,No,"        Bar stool,          76 cm",John/Jonas/Petrus/Paul/Caroline,36.0,84.0,38.0
315,20273141,HISHULT,Cabinets & cupboards,17.0,No old price,True,https://www.ikea.com/sa/en/p/hishult-knob-porcelain-white-20273141/,Yes,"        Knob,          23 mm",K Hagberg/M Hagberg,24.0,0.0,0.0
316,40348895,ÖSTERNÄS,TV & media furniture,70.0,No old price,True,https://www.ikea.com/sa/en/p/oesternaes-leather-handle-tanned-leather-40348895/,No,"        Leather handle,          153 mm",H Preutz/A Fredriksson,0.0,0.0,25.0
317,60403602,MALM,Chests of drawers & drawer units,495.0,No old price,True,https://www.ikea.com/sa/en/p/malm-chest-of-6-drawers-white-60403602/,Yes,"        Chest of 6 drawers,          80x123 cm",IKEA of Sweden,48.0,123.0,80.0
318,39297514,BESTÅ,Cabinets & cupboards,1470.0,No old price,True,https://www.ikea.com/sa/en/p/besta-tv-bench-with-doors-and-drawers-white-lappviken-stubbarp-white-s39297514/,Yes,"        TV bench with doors and drawers,          240x42x74 cm",IKEA of Sweden,42.0,74.0,240.0
319,59239504,NORDLI,Chests of drawers & drawer units,1220.0,"SR 1,525",True,https://www.ikea.com/sa/en/p/nordli-chest-of-8-drawers-white-s59239504/,Yes,"        Chest of 8 drawers,          160x54 cm",Ola Wihlborg,47.0,54.0,160.0
320,90347515,ENERYDA,Bookcases & shelving units,35.0,No old price,True,https://www.ikea.com/sa/en/p/eneryda-cup-handle-brass-colour-90347515/,Yes,"        Cup handle,          89 mm",Francis Cayouette,30.0,0.0,22.0
321,9259702,LISABO / ODGER,Chairs,1875.0,No old price,True,https://www.ikea.com/sa/en/p/lisabo-odger-table-and-4-chairs-black-beige-s09259702/,No,"        Table and 4 chairs,          140x78 cm",K Hagberg/M Hagberg/J Löfgren/J Pettersson,0.0,74.0,78.0
322,70294339,LISABO,Tables & desks,695.0,No old price,True,https://www.ikea.com/sa/en/p/lisabo-table-ash-veneer-70294339/,No,"        Table,          140x78 cm",K Hagberg/M Hagberg,0.0,74.0,78.0
323,10255307,FEJAN,Outdoor furniture,59.0,No old price,True,https://www.ikea.com/sa/en/p/fejan-chair-outdoor-foldable-white-10255307/,No,"        Chair, outdoor",K Hagberg/M Hagberg,42.0,89.0,44.0
324,10461010,BORTBERG,Chairs,49.0,No old price,True,https://www.ikea.com/sa/en/p/bortberg-lumbar-cushion-black-10461010/,No,"        Lumbar cushion,          31x23 cm","104.610.10 The lumbar cushion helps you to sit up straight, which relieves both the spine and lower back.You easily attach the lumbar cushion to your favourite chair with the sewn-on touch-and-close fastening.Fixed cover.",0.0,0.0,23.0
325,70292397,LANDSKRONA,Sofas & armchairs,100.0,No old price,True,https://www.ikea.com/sa/en/p/landskrona-leg-wood-70292397/,No,"        Leg,          15 cm",IKEA of Sweden,0.0,15.0,0.0
326,79161486,MELLTORP / ADDE,Chairs,359.0,No old price,True,https://www.ikea.com/sa/en/p/melltorp-adde-table-and-4-chairs-white-black-s79161486/,No,"        Table and 4 chairs,          125 cm",Marcus Arvonen/Lisa Norinder,0.0,72.0,75.0
327,40217069,INGATORP,Tables & desks,1445.0,No old price,True,https://www.ikea.com/sa/en/p/ingatorp-extendable-table-white-40217069/,Yes,"        Extendable table,          110/155 cm",Carina Bengs,0.0,74.0,0.0
328,90338403,LÖVA,Beds,55.0,No old price,True,https://www.ikea.com/sa/en/p/loeva-bed-canopy-green-90338403/,No,        Bed canopy,A Huldén/S Dahlman,0.0,0.0,90.0
329,49103247,LISABO / JANINGE,Chairs,1595.0,No old price,True,https://www.ikea.com/sa/en/p/lisabo-janinge-table-and-4-chairs-ash-veneer-white-s49103247/,No,"        Table and 4 chairs,          140x78 cm",K Hagberg/M Hagberg/John/Jonas/Petrus/Paul/Caroline,0.0,74.0,78.0
330,50413526,HEMNES,TV & media furniture,995.0,No old price,True,https://www.ikea.com/sa/en/p/hemnes-tv-bench-white-stain-light-brown-50413526/,Yes,"        TV bench,          148x47x57 cm",Carina Bengs,47.0,57.0,148.0
331,80418056,POÄNG,Chairs,134.0,No old price,True,https://www.ikea.com/sa/en/p/poaeng-childrens-armchair-frame-birch-veneer-80418056/,No,        Children's armchair frame,Noboru Nakamura,56.0,68.0,47.0
332,20368714,NORDVIKEN,Tables & desks,1495.0,No old price,True,https://www.ikea.com/sa/en/p/nordviken-extendable-table-black-20368714/,Yes,"        Extendable table,          152/223x95 cm",Francis Cayouette,0.0,75.0,95.0
333,29282532,BEKANT,Cabinets & cupboards,1105.0,No old price,True,https://www.ikea.com/sa/en/p/bekant-storage-unit-on-castors-mesh-black-s29282532/,Yes,"        Storage unit on castors,          41x101 cm",Eva Lilja Löwenhielm,45.0,101.0,41.0
334,49285817,EKET,Tables & desks,94.0,No old price,True,https://www.ikea.com/sa/en/p/eket-wall-mounted-shelving-unit-white-s49285817/,Yes,"        Wall-mounted shelving unit,          35x35x35 cm",Jon Karlsson/IKEA of Sweden,35.0,35.0,35.0
335,59161492,MÖCKELBY / NORRARYD,Chairs,4055.0,"SR 4,445",True,https://www.ikea.com/sa/en/p/moeckelby-norraryd-table-and-6-chairs-oak-black-s59161492/,No,"        Table and 6 chairs,          235x100 cm",Marcus Arvonen/Nike Karlsson,0.0,74.0,100.0
336,39280698,MELLTORP / NISSE,Chairs,197.0,SR 263,True,https://www.ikea.com/sa/en/p/melltorp-nisse-table-and-2-folding-chairs-white-dark-blue-lilac-s39280698/,No,"        Table and 2 folding chairs,          75 cm",Lisa Norinder,0.0,72.0,75.0
337,70261131,GERSBY,Bookcases & shelving units,95.0,No old price,True,https://www.ikea.com/sa/en/p/gersby-bookcase-white-70261131/,No,"        Bookcase,          60x180 cm",IKEA of Sweden,24.0,180.0,60.0
338,69281776,BILLY,Bookcases & shelving units,585.0,No old price,True,https://www.ikea.com/sa/en/p/billy-bookcase-with-panel-glass-doors-white-s69281776/,Yes,"        Bookcase with panel/glass doors,          80x30x202 cm",Gillis Lundgren,30.0,202.0,80.0
339,30326177,LENNART,Chests of drawers & drawer units,49.0,No old price,True,https://www.ikea.com/sa/en/p/lennart-drawer-unit-white-30326177/,No,        Drawer unit,Jon Karlsson,34.0,56.0,30.0
340,60150176,BRÄDA,Tables & desks,15.0,No old price,True,https://www.ikea.com/sa/en/p/braeda-laptop-support-black-60150176/,Yes,"        Laptop support,          42x31 cm",Sarah Fager,31.0,9.0,42.0
341,50223625,HEMNES,Chairs,395.0,No old price,True,https://www.ikea.com/sa/en/p/hemnes-bench-white-50223625/,Yes,"        Bench,          83 cm",T Christensen/K Legaard,0.0,53.0,37.0
342,19011777,MELLTORP,Tables & desks,199.0,SR 250,True,https://www.ikea.com/sa/en/p/melltorp-table-white-s19011777/,No,"        Table,          125x75 cm",Lisa Norinder,0.0,74.0,75.0
343,19252615,LANGUR,Children's furniture,235.0,No old price,True,https://www.ikea.com/sa/en/p/langur-junior-chair-white-s19252615/,No,        Junior chair,J Fritzdorf/J Feldman/J Hedberg,61.0,82.0,56.0
344,69161482,IKEA PS 2012 / JANINGE,Tables & desks,1795.0,No old price,True,https://www.ikea.com/sa/en/p/ikea-ps-2012-janinge-table-and-4-chairs-bamboo-white-s69161482/,No,"        Table and 4 chairs,          138 cm",Jon Karlsson/John/Jonas/Petrus/Paul/Caroline,0.0,74.0,80.0
345,90400517,EKEDALEN,Tables & desks,796.0,SR 995,True,https://www.ikea.com/sa/en/p/ekedalen-bar-table-dark-brown-90400517/,No,"        Bar table,          120x80 cm",Ehlén Johansson,0.0,105.0,80.0
346,30247415,BESTÅ,TV & media furniture,110.0,No old price,True,https://www.ikea.com/sa/en/p/besta-frame-grey-stained-walnut-effect-30247415/,Yes,"        Frame,          60x20x64 cm",IKEA of Sweden,20.0,64.0,60.0
347,10424353,VIMUND,Children's furniture,299.0,No old price,True,https://www.ikea.com/sa/en/p/vimund-childrens-desk-chair-light-pink-10424353/,Yes,        Children's desk chair,IKEA of Sweden,59.0,0.0,62.0
348,20320128,FLEKKE,Sofas & armchairs,1495.0,No old price,True,https://www.ikea.com/sa/en/p/flekke-day-bed-frame-with-2-drawers-black-brown-20320128/,No,"        Day-bed frame with 2 drawers,          80x200 cm",K Hagberg/M Hagberg,0.0,86.0,88.0
349,20396420,FJÄLLBERGET,Chairs,995.0,No old price,True,https://www.ikea.com/sa/en/p/fjaellberget-conference-chair-with-castors-black-stained-ash-veneer-gunnared-dark-grey-20396420/,No,        Conference chair with castors,H Preutz/N Karlsson,71.0,0.0,71.0
350,19303498,PAX,Wardrobes,2690.0,No old price,True,https://www.ikea.com/sa/en/p/pax-wardrobe-white-fardal-high-gloss-white-s19303498/,Yes,"        Wardrobe,          150x60x236 cm",IKEA of Sweden/Ehlén Johansson,60.0,236.0,150.0
351,40310208,IVAR,Bookcases & shelving units,45.0,No old price,True,https://www.ikea.com/sa/en/p/ivar-bottle-rack-grey-40310208/,No,"        Bottle rack,          83x30 cm",Sarah Fager,30.0,3.0,83.0
352,79017837,BILLY,Bookcases & shelving units,370.0,No old price,True,https://www.ikea.com/sa/en/p/billy-bookcase-white-s79017837/,Yes,"        Bookcase,          160x28x202 cm",Gillis Lundgren,28.0,202.0,160.0
353,40296311,SINDVIK,Cabinets & cupboards,125.0,No old price,True,https://www.ikea.com/sa/en/p/sindvik-glass-door-black-brown-clear-glass-40296311/,Yes,"        Glass door,          60x38 cm",Marcus Arvonen,0.0,38.0,60.0
354,20463056,RÅSHULT,Trolleys,125.0,No old price,True,https://www.ikea.com/sa/en/p/rashult-trolley-white-20463056/,No,"        Trolley,          38x28 cm",IKEA of Sweden,0.0,65.0,28.0
355,70228325,RESÖ,Children's furniture,205.0,No old price,True,https://www.ikea.com/sa/en/p/resoe-childrens-picnic-table-grey-brown-stained-grey-brown-70228325/,No,        Children's picnic table,IKEA of Sweden,0.0,49.0,89.0
356,60334722,TOBIAS,Chairs,345.0,No old price,True,https://www.ikea.com/sa/en/p/tobias-chair-blue-chrome-plated-60334722/,No,        Chair,Carl Öjerstam,56.0,82.0,55.0
357,19248015,NORDLI,Chests of drawers & drawer units,1580.0,"SR 1,975",True,https://www.ikea.com/sa/en/p/nordli-chest-of-9-drawers-white-s19248015/,No,"        Chest of 9 drawers,          160x99 cm",Ola Wihlborg,47.0,99.0,160.0
358,29221256,MELLTORP / TEODORES,Tables & desks,579.0,No old price,True,https://www.ikea.com/sa/en/p/melltorp-teodores-table-and-4-chairs-white-s29221256/,No,"        Table and 4 chairs,          125 cm",Lisa Norinder/David Wahl,0.0,72.0,75.0
359,40407922,BRIMNES,Wardrobes,645.0,No old price,True,https://www.ikea.com/sa/en/p/brimnes-wardrobe-with-3-doors-white-40407922/,No,"        Wardrobe with 3 doors,          117x190 cm",K Hagberg/M Hagberg,50.0,190.0,117.0
360,89041709,ANTILOP,Nursery furniture,85.0,No old price,True,https://www.ikea.com/sa/en/p/antilop-highchair-with-safety-belt-white-silver-colour-s89041709/,No,        Highchair with safety belt,IKEA of Sweden,59.0,90.0,56.0
361,69190861,EKET,Bookcases & shelving units,435.0,No old price,True,https://www.ikea.com/sa/en/p/eket-cabinet-combination-with-feet-dark-grey-s69190861/,Yes,"        Cabinet combination with feet,          105x35x107 cm",Jon Karlsson/IKEA of Sweden,35.0,107.0,105.0
362,9297134,JONAXEL,Bookcases & shelving units,150.0,No old price,True,https://www.ikea.com/sa/en/p/jonaxel-frame-with-wire-baskets-s09297134/,No,"        Frame with wire baskets,          50x51x70 cm",IKEA of Sweden,51.0,70.0,50.0
363,29269724,LANDSKRONA,Chairs,1395.0,No old price,True,https://www.ikea.com/sa/en/p/landskrona-armchair-gunnared-light-green-metal-s29269724/,Yes,        Armchair,IKEA of Sweden/Tord Björklund,89.0,78.0,89.0
364,49246468,PAX,Wardrobes,1510.0,No old price,True,https://www.ikea.com/sa/en/p/pax-wardrobe-white-forsand-white-s49246468/,Yes,"        Wardrobe,          150x60x201 cm",Ehlén Johansson/IKEA of Sweden,60.0,201.0,150.0
365,89931560,HEMNES,Beds,675.0,SR 895,True,https://www.ikea.com/sa/en/p/hemnes-bed-frame-white-stain-s89931560/,Yes,"        Bed frame,          140x200 cm",IKEA of Sweden/Carina Bengs,0.0,0.0,154.0
366,79102958,TROFAST,Children's furniture,410.0,No old price,True,https://www.ikea.com/sa/en/p/trofast-storage-combination-light-white-stained-pine-pine-white-s79102958/,Yes,"        Storage combination,          94x44x52 cm",Studio Copenhagen,44.0,52.0,94.0
367,80270125,LÖVBACKEN,Tables & desks,299.0,No old price,True,https://www.ikea.com/sa/en/p/loevbacken-side-table-medium-brown-80270125/,No,"        Side table,          77x39 cm",IKEA of Sweden,0.0,51.0,39.0
368,9061169,BEKANT,Tables & desks,2875.0,No old price,True,https://www.ikea.com/sa/en/p/bekant-corner-desk-right-sit-stand-white-s09061169/,Yes,"        Corner desk right sit/stand,          160x110 cm",K Malmvall/E Lilja Löwenhielm,0.0,0.0,110.0
369,289322,STOCKSUND,Sofas & armchairs,100.0,No old price,True,https://www.ikea.com/sa/en/p/stocksund-legs-for-armchair-sofas-light-brown-00289322/,No,        Legs for armchair/sofas,Nike Karlsson,0.0,18.0,0.0
370,49248325,IVAR,Bookcases & shelving units,612.0,No old price,True,https://www.ikea.com/sa/en/p/ivar-2-sections-shelves-pine-s49248325/,No,"        2 sections/shelves,          134x50x179 cm",IKEA of Sweden,50.0,179.0,134.0
371,30425988,KALLVIKEN,Bookcases & shelving units,95.0,No old price,True,https://www.ikea.com/sa/en/p/kallviken-drawer-front-dark-grey-concrete-effect-30425988/,No,"        Drawer front,          60x26 cm",IKEA of Sweden,0.0,26.0,60.0
372,40291851,HANVIKEN,Cabinets & cupboards,50.0,No old price,True,https://www.ikea.com/sa/en/p/hanviken-drawer-front-white-40291851/,Yes,"        Drawer front,          60x26 cm",Marcus Arvonen,0.0,26.0,60.0
373,60400745,YNGVAR,Chairs,475.0,No old price,True,https://www.ikea.com/sa/en/p/yngvar-bar-stool-anthracite-60400745/,No,"        Bar stool,          75 cm",IKEA of Sweden,40.0,0.0,40.0
374,296313,SINDVIK,Cabinets & cupboards,150.0,No old price,True,https://www.ikea.com/sa/en/p/sindvik-glass-door-black-brown-clear-glass-00296313/,Yes,"        Glass door,          60x64 cm",Marcus Arvonen,0.0,64.0,60.0
375,40351246,BESTÅ,Bookcases & shelving units,60.0,No old price,True,https://www.ikea.com/sa/en/p/besta-drawer-frame-black-brown-40351246/,Yes,"        Drawer frame,          60x15x40 cm",IKEA of Sweden,40.0,15.0,60.0
376,29248374,IVAR,Bookcases & shelving units,795.0,No old price,True,https://www.ikea.com/sa/en/p/ivar-3-sections-shelves-pine-s29248374/,No,"        3 sections/shelves,          259x30x179 cm",IKEA of Sweden,30.0,179.0,259.0
377,80362974,SLÄKT,Children's furniture,295.0,No old price,True,https://www.ikea.com/sa/en/p/slaekt-storage-box-with-castors-80362974/,No,"        Storage box with castors,          62x62x35 cm",Ebba Strandmark,53.0,35.0,62.0
378,49280754,BILLY / OXBERG,Cabinets & cupboards,1370.0,No old price,True,https://www.ikea.com/sa/en/p/billy-oxberg-bookcase-w-height-extension-ut-drs-white-s49280754/,Yes,"        Bookcase w height extension ut/drs,          160x30x237 cm",Gillis Lundgren/IKEA of Sweden,30.0,237.0,160.0
379,19102659,TROFAST,Nursery furniture,395.0,No old price,True,https://www.ikea.com/sa/en/p/trofast-storage-combination-light-white-stained-pine-pine-white-s19102659/,Yes,"        Storage combination,          94x44x52 cm",Studio Copenhagen,44.0,52.0,94.0
380,70246089,JANINGE,Chairs,595.0,No old price,True,https://www.ikea.com/sa/en/p/janinge-bar-stool-white-70246089/,No,"        Bar stool,          76 cm",John/Jonas/Petrus/Paul/Caroline,36.0,84.0,38.0
381,89335976,TROFAST,Nursery furniture,195.0,No old price,False,https://www.ikea.com/sa/en/p/trofast-storage-combination-white-pink-s89335976/,Yes,"        Storage combination,          46x30x94 cm",Studio Copenhagen,30.0,94.0,46.0
382,59253439,FRÖSÖN/DUVHOLMEN,Outdoor furniture,59.0,No old price,True,https://www.ikea.com/sa/en/p/froesoen-duvholmen-chair-cushion-outdoor-beige-s59253439/,Yes,"        Chair cushion, outdoor,          44x44 cm",Eva Lilja Löwenhielm/IKEA of Sweden,44.0,0.0,44.0
383,70344933,EKET,Bookcases & shelving units,625.0,No old price,True,https://www.ikea.com/sa/en/p/eket-cabinet-with-3-drawers-dark-grey-70344933/,Yes,"        Cabinet with 3 drawers,          70x35x70 cm",Jon Karlsson,35.0,70.0,70.0
384,50165079,BLÅMES,Nursery furniture,375.0,No old price,True,https://www.ikea.com/sa/en/p/blames-highchair-with-tray-black-50165079/,No,        Highchair with tray,Tina Christensen,53.0,93.0,52.0
385,30425988,KALLVIKEN,TV & media furniture,95.0,No old price,True,https://www.ikea.com/sa/en/p/kallviken-drawer-front-dark-grey-concrete-effect-30425988/,No,"        Drawer front,          60x26 cm",IKEA of Sweden,0.0,26.0,60.0
386,80116600,LIATORP,TV & media furniture,745.0,No old price,True,https://www.ikea.com/sa/en/p/liatorp-tv-bench-white-80116600/,No,"        TV bench,          145x49x45 cm",Carina Bengs,49.0,45.0,145.0
387,99323925,STENSELE,Tables & desks,550.0,No old price,True,https://www.ikea.com/sa/en/p/stensele-bar-table-anthracite-anthracite-s99323925/,No,"        Bar table,          70x70 cm",Maja Ganszyniec,0.0,104.0,70.0
388,9278338,KALLAX,Bookcases & shelving units,1350.0,No old price,True,https://www.ikea.com/sa/en/p/kallax-shelving-unit-with-10-inserts-white-s09278338/,Yes,"        Shelving unit with 10 inserts,          182x182 cm",Tord Björklund/IKEA of Sweden,39.0,182.0,182.0
389,99011764,MELLTORP / MARIUS,Tables & desks,149.0,SR 175,True,https://www.ikea.com/sa/en/p/melltorp-marius-table-and-2-stools-white-black-s99011764/,No,"        Table and 2 stools,          75 cm",Ola Wihlborg/Lisa Norinder,0.0,72.0,75.0
390,418376,LIDKULLEN,Chairs,350.0,No old price,True,https://www.ikea.com/sa/en/p/lidkullen-active-sit-stand-support-gunnared-beige-00418376/,Yes,        Active sit/stand support,E Thomasson/P Süssmann,0.0,0.0,60.0
391,59297438,JONAXEL,Chests of drawers & drawer units,140.0,No old price,True,https://www.ikea.com/sa/en/p/jonaxel-frame-with-wire-baskets-castors-s59297438/,No,"        Frame with wire baskets/castors,          25x51x73 cm",IKEA of Sweden,51.0,73.0,25.0
392,9288224,STENSELE,Tables & desks,550.0,No old price,True,https://www.ikea.com/sa/en/p/stensele-bar-table-anthracite-anthracite-s09288224/,No,"        Bar table,          70 cm",Maja Ganszyniec,0.0,105.0,0.0
393,9287291,IDÅSEN,Chests of drawers & drawer units,690.0,No old price,True,https://www.ikea.com/sa/en/p/idasen-drawer-unit-with-smart-lock-golden-brown-s09287291/,Yes,"        Drawer unit with smart lock,          42x61 cm",Jon Karlsson/IKEA of Sweden,47.0,61.0,42.0
394,10432193,LACK,Tables & desks,29.0,No old price,True,https://www.ikea.com/sa/en/p/lack-glass-top-marble-effect-black-10432193/,No,"        Glass top,          55x55 cm",104.321.93 The tabletop in tempered glass is stain resistant and easy to clean.Handle with care! A damaged edge or scratched surface can cause the glass to suddenly crack or break. Avoid bumps from the side - this is where the glass is most vulnerable.Safety fittings included.,0.0,0.0,55.0
395,217797,GUNDE,Chairs,30.0,No old price,True,https://www.ikea.com/sa/en/p/gunde-folding-chair-black-00217797/,No,        Folding chair,K Hagberg/M Hagberg,45.0,78.0,41.0
396,50461230,SMÅGÖRA,Beds,595.0,No old price,True,https://www.ikea.com/sa/en/p/smagoera-cot-white-50461230/,No,"        Cot,          60x120 cm",IKEA of Sweden,0.0,79.0,66.0
397,80339790,HACKÅS,Cabinets & cupboards,17.0,No old price,True,https://www.ikea.com/sa/en/p/hackas-knob-anthracite-80339790/,No,"        Knob,          15 mm",J Löfgren/J Pettersson,18.0,0.0,24.0
398,333278,BROR,Bookcases & shelving units,90.0,No old price,True,https://www.ikea.com/sa/en/p/bror-post-black-00333278/,No,"        Post,          110 cm",IKEA of Sweden,4.0,110.0,0.0
399,80278273,HILVER,Tables & desks,100.0,No old price,True,https://www.ikea.com/sa/en/p/hilver-leg-cone-shaped-bamboo-80278273/,No,"        Leg cone-shaped,          70 cm",Chenyi Ke,0.0,700.0,0.0
400,90442824,LOMMARP,Tables & desks,545.0,No old price,True,https://www.ikea.com/sa/en/p/lommarp-desk-light-beige-90442824/,Yes,"        Desk,          90x54 cm",Francis Cayouette,54.0,90.0,90.0
401,9187809,ELVARLI,Wardrobes,3913.0,"SR 4,510",True,https://www.ikea.com/sa/en/p/elvarli-3-sections-white-s09187809/,No,"        3 sections,          258x51x222-350 cm",Ehlén Johansson,50.0,0.0,258.0
